Date,Location,MinTemp,MaxTemp,Rainfall,Evaporation,Sunshine,WindGustDir,WindGustSpeed,WindDir9am,WindDir3pm,WindSpeed9am,WindSpeed3pm,Humidity9am,Humidity3pm,Pressure9am,Pressure3pm,Cloud9am,Cloud3pm,Temp9am,Temp3pm,RainToday,RainTomorrow
07-03-2012,Wollongong,16,20.4,8.2,,,S,63,SSW,SW,39,20,69,92,1018.5,1017.6,1,8,17.4,15.6,Yes,Yes
06-01-2011,PerthAirport,18.5,25.9,16,5.4,11.8,WSW,39,SSW,WSW,20,22,60,36,1004.6,1003.6,7,1,22.2,25.1,Yes,No
29-06-2014,Penrith,8.7,16.5,0,,,WNW,56,WNW,WNW,19,22,41,41,,,,,13.1,15.1,No,No
16-12-2008,Cairns,25.5,33.9,0.2,5,7,SSE,41,SSE,SE,11,19,64,59,1009.8,1007.4,6,5,30.8,31.5,No,No
21-04-2015,SalmonGums,3.8,23,0,,,N,28,NE,W,13,7,56,29,,,,,14,21.1,No,No
10-04-2010,Ballarat,10.5,18.9,6.6,,,NNW,37,N,W,17,13,100,66,1009.5,1007.2,8,7,12.8,17.6,Yes,No
25-04-2013,Hobart,7.1,18.4,0,1.8,3,WNW,96,N,NW,22,24,56,52,1008.9,1001.7,,,10.7,17.8,No,No
30-10-2011,Launceston,9.3,17.4,0.6,,,SSE,44,SSE,SE,24,15,72,50,1017.2,1017.2,,,11.7,16.3,No,No
10-03-2012,Cairns,24.2,29.8,7.4,6.4,0.5,SSE,41,SSE,SE,19,28,81,73,1010.3,1008.4,8,7,26.4,28.4,Yes,Yes
19-06-2012,Woomera,4.8,18.8,0,2.4,9.8,NNW,39,,NNW,0,24,62,73,1027.6,1022.2,1,0,11.3,17.9,No,No
25-10-2015,AliceSprings,14.6,37.3,0,12,10.2,S,28,WSW,NW,4,11,11,6,1017.3,1011.9,3,6,24.9,36.4,No,No
12-12-2016,Dartmoor,8,35.1,0,,,NNW,46,N,NW,7,26,68,16,1017.3,1013.6,,,17.3,33.6,No,No
27-06-2009,AliceSprings,6.6,23,0,6.6,10.3,W,26,W,W,7,13,58,25,1014.5,1011.2,1,0,13.5,22.3,No,No
08-04-2016,PearceRAAF,16.3,25.4,0,,6.3,E,30,E,NE,17,11,46,44,1018.3,1016.3,,,20.5,24.9,No,No
12-11-2016,MelbourneAirport,11.3,24.3,3.8,4.8,4.5,NW,61,N,NW,28,35,75,34,997,996.3,7,6,19,23.3,Yes,Yes
28-03-2010,AliceSprings,17.4,33.6,0,5.8,11.4,N,20,,S,0,6,48,25,1012.2,1007.5,1,1,26.1,33.1,No,No
16-09-2013,BadgerysCreek,11.2,17.6,0,,,E,20,SSE,ENE,4,7,90,98,1016.3,1009.6,,,14.1,15.9,No,Yes
21-04-2017,Woomera,17.9,23.3,9.2,0.8,,SE,26,SE,SE,13,15,99,72,1021.5,1018.9,8,6,19.2,22.6,Yes,No
14-04-2017,Sydney,13.9,24.7,0,4,10.8,W,26,WNW,SE,11,15,69,41,1022.1,1019.3,1,1,17.2,23.5,No,No
27-06-2014,Katherine,10.2,30.8,0,5.6,,ESE,31,ESE,E,15,9,62,31,1017.3,1013,0,0,18.8,30,No,No
22-11-2013,Woomera,11.8,24.6,0,,,SSW,44,SSE,SSW,26,26,40,17,1013.7,1011.6,,,15.5,23,No,No
28-03-2017,PerthAirport,6.9,23.5,0,5.4,7.8,SW,39,N,SW,6,24,62,58,1019.6,1017.4,2,6,17.3,21.9,No,No
30-04-2016,Walpole,10.3,15.1,14,,,SSW,41,SW,WNW,15,6,66,78,1018.8,1019.3,,,13.5,13.1,Yes,No
27-12-2010,Albany,17,23.1,0,8,11,,,E,ESE,19,22,57,62,1011.5,1005.9,6,1,20.4,22,No,No
02-09-2010,GoldCoast,14,28,0,,,NW,46,NW,N,35,22,54,45,1020.4,1015.7,,,21.5,25.4,No,No
28-12-2011,Nuriootpa,13,27.4,0,4.4,13.8,SSE,41,SE,SE,22,13,67,12,1017.9,1014.9,2,0,16.5,25.9,No,No
25-04-2016,Wollongong,13.8,21.2,0,,,NE,20,SSW,NE,13,13,71,66,1032.1,1029.3,,,18.9,20.7,No,No
19-06-2010,Witchcliffe,9.3,18.9,1.8,,,N,22,NNE,NNE,2,13,99,79,1027.1,1024.7,,,13.3,16.5,Yes,No
25-07-2013,Sale,-0.3,12.6,0,1.2,5.2,NNW,17,WNW,WNW,7,9,86,62,1028.5,1024.6,4,6,3.3,11.6,No,No
20-04-2015,SydneyAirport,13.9,17.2,5.4,3.2,0,S,91,S,SSE,41,52,97,97,1023.3,1020.6,8,8,15.3,16.4,Yes,Yes
16-10-2009,Wollongong,11.2,20.5,0,,,WSW,52,WSW,SW,31,30,45,27,1011.8,1011.6,1,1,15.3,19.7,No,No
04-12-2014,Dartmoor,13.8,23.8,10.8,1.4,5.4,SSW,30,S,SSW,7,19,100,87,1011,1010.9,,,16.5,19.7,Yes,No
12-08-2014,Cobar,-0.2,15.2,0,3.8,,SE,41,S,SSE,11,15,51,25,,1024.8,2,6,6,14.7,No,No
29-07-2010,SalmonGums,8.1,17.1,0.4,,,WSW,54,NW,SW,19,24,91,50,,,,,10.3,15,No,No
22-06-2009,SalmonGums,5.2,12.8,0.4,,,WSW,41,W,SSW,17,26,87,74,,,,,8.1,11,No,No
03-05-2014,Katherine,22.2,34,0,6,,SE,30,ESE,SE,17,20,60,,1013.3,1008.3,4,6,26.5,33,No,No
04-05-2017,Perth,14.2,24.2,0,3.6,5.8,W,24,ENE,W,6,11,78,65,1018.3,1017.1,7,7,20.1,22.4,No,Yes
28-05-2017,Hobart,6.3,12.4,2.6,1.8,0.2,SSW,35,WNW,SSE,11,2,81,69,1000.5,1000.4,7,7,10.5,12.3,Yes,No
14-06-2017,Hobart,5.6,14.5,0,1.6,1.4,NW,52,WNW,NW,13,28,79,56,1023.9,1020.7,6,7,7,14.4,No,No
07-05-2009,Williamtown,8.7,22.3,0,2.8,9.9,WNW,30,WNW,SSE,20,17,85,41,1024.1,1020.8,1,1,14.3,21.4,No,No
20-12-2011,Dartmoor,10.7,23.3,0,3,6.9,ESE,31,SE,SSW,13,19,69,65,1017.6,1017.5,,,18.5,21.3,No,No
19-03-2013,Moree,14.9,29.7,0,7.4,11.2,ENE,44,E,E,19,15,58,29,1020,1017.3,1,4,20.5,28.5,No,No
02-12-2015,Moree,20.1,32,4.8,11.2,3.9,N,54,NE,N,22,17,82,47,1015.1,1012.9,7,7,22.2,30,Yes,No
19-02-2015,MelbourneAirport,16.6,31,0.2,3,10.4,S,33,WNW,SSE,7,19,83,41,1018.7,1014.6,8,2,19.2,30.3,No,No
21-05-2017,Sydney,13.8,23.5,0,4,9.2,W,30,W,ESE,22,17,69,49,1021,1019.3,2,1,15.7,21.9,No,No
27-04-2012,Mildura,7.5,20.9,0,2,9.4,SE,22,S,SE,7,9,80,39,1024.8,1022.3,3,1,13,20.2,No,No
16-05-2010,Dartmoor,4.4,17.9,0.2,1.2,6.3,N,26,,NE,0,9,99,60,1020.6,1018.5,,,7.8,17.4,No,No
14-10-2014,Albury,7.3,18.1,3.2,,,ESE,41,WSW,S,11,17,87,61,1013.5,1015.7,7,8,9.6,13.9,Yes,No
07-12-2009,Launceston,11.9,21.4,0,,,NW,35,NW,NW,19,22,76,59,1009.1,1008.4,,,16.3,18.8,No,No
11-07-2014,Cairns,11.1,25.9,0,4.4,10.5,S,39,S,SE,28,26,40,40,1019.2,1016.6,0,0,19.7,24.4,No,No
21-02-2015,Richmond,20,28,5.4,,,SE,46,SSE,S,6,15,92,72,1017,1015.1,8,8,21.6,25.8,Yes,Yes
27-04-2014,Dartmoor,2.5,17.3,0,2,9.5,E,31,,ESE,0,17,100,51,1026.5,1022.4,,,7.8,16.4,No,No
23-12-2009,Sale,12.5,33.4,0,5.2,9.5,E,39,E,ESE,19,20,75,55,1012.4,1009.1,7,6,20,27.1,No,No
07-04-2015,WaggaWagga,10.9,14.3,3.8,2.6,0.1,SSE,39,W,NNW,6,15,86,81,1008.1,1007.7,7,7,12.3,13.7,Yes,Yes
09-10-2013,NorahHead,11.9,26.5,0,,,NE,44,NW,N,15,20,69,41,1019.6,1013.7,,,18.1,25.5,No,No
06-12-2011,Launceston,10.8,20.3,0,,,NNW,33,SE,NNW,4,19,54,58,1022.9,1019.9,,,15.6,17.9,No,No
03-01-2016,MountGambier,14.2,29.6,0,3,10.3,ESE,48,ESE,SE,31,24,66,37,1016.6,1013.7,7,4,19.1,27.7,No,No
25-12-2010,GoldCoast,22.2,24.8,71,,,SE,41,S,SE,17,20,100,92,1015.3,1012.3,,,23.1,24.5,Yes,Yes
26-12-2013,Newcastle,18,27.7,12,,,,,SE,SE,9,28,73,60,,,6,1,23.5,25,Yes,No
31-10-2009,Canberra,10,28.8,0,4,,,,,,,,72,37,,,,,17.7,28.1,No,No
11-10-2010,Newcastle,,,0,,,,,,,,,,,,,,,,,No,No
04-10-2011,Dartmoor,6,22.3,0,2,9.6,NNE,35,ENE,NE,7,15,81,48,1021.2,1017.5,,,12.2,21.2,No,No
22-03-2012,CoffsHarbour,19.5,25.2,2.6,2.2,0.7,SW,26,NW,ESE,13,11,77,67,1007.4,1007.2,7,7,23,24.9,Yes,No
20-08-2016,Brisbane,12.5,25.3,0,1.8,7.3,ENE,20,NE,NE,2,9,69,70,1019.3,1015.2,1,5,20.6,22.1,No,Yes
07-03-2017,Melbourne,15,28.2,0,8.4,11.8,SSE,33,ENE,SW,4,7,60,37,1019.5,1016.9,1,1,18.1,26.1,No,No
12-06-2014,Hobart,5.7,12.4,0,1,0,NW,28,NW,NW,7,13,78,69,1016.1,1014.9,8,7,9.3,11.9,No,No
20-10-2011,GoldCoast,17,24.2,0,,,SSE,41,SSE,SE,20,26,61,65,1028.6,1025.1,,,20.8,21.5,No,No
15-04-2009,Sydney,16.1,29.3,0.2,5,10,,,W,NW,11,20,70,25,1011.1,1006.9,0,1,20.5,29,No,No
14-10-2013,SalmonGums,3.7,24.9,0,,,NNE,33,N,NNW,17,9,39,18,,,,,17.4,24.1,No,No
12-10-2016,Nuriootpa,7.7,15.4,1.4,4,4.1,SW,35,W,WSW,15,19,96,57,1022.8,1022.1,8,,9.2,14.3,Yes,No
03-06-2009,Albany,12,18.4,4.6,1.4,4.8,,,WNW,WNW,7,13,88,94,1017,1014.2,4,8,13.7,12,Yes,Yes
16-12-2009,Walpole,12.3,19.2,0,,,SSW,37,S,S,15,20,65,57,1019.8,1021,,,15.2,17.2,No,No
11-05-2016,Ballarat,7.8,13.7,1.6,,,W,50,N,NW,17,33,98,87,1015.5,1010.8,8,8,8.7,12.1,Yes,Yes
04-08-2016,Uluru,1,19.1,0,,,ENE,43,ESE,E,13,19,56,28,1026.1,1022.2,,,8.2,17.8,No,No
23-07-2016,Melbourne,7.5,11.6,2.8,3.4,5.9,WSW,44,WNW,WNW,11,15,59,65,1004.5,1008.6,3,7,8.9,9.5,Yes,No
31-10-2009,MountGinini,,20.8,11,,,,,,,,,,,,,,,,,Yes,Yes
24-12-2016,Sydney,19.8,27.2,0,9.4,4.3,NNW,44,WNW,ENE,9,20,66,55,1015.7,1013.8,7,7,23.2,26.3,No,Yes
23-07-2016,Watsonia,6.6,11.1,2.2,3.4,5.9,W,57,W,WNW,19,20,65,66,1004.6,1008.7,3,7,7.9,9,Yes,Yes
23-07-2010,Newcastle,7.8,18.1,9.4,,,,,NW,W,4,4,82,59,,,5,5,11.8,17.8,Yes,No
26-04-2015,Witchcliffe,5.2,21.6,0,,,E,24,SE,E,7,13,86,38,1028,1024.9,,,11.7,21.2,No,No
08-04-2009,PerthAirport,17.4,33.6,0,7.4,10,NNE,35,ENE,WSW,19,20,25,12,1019.3,1016.1,7,5,24.8,32.9,No,No
01-08-2011,Cairns,15.8,25.7,0,7.6,10.1,ESE,56,SSE,SE,17,41,68,49,1019.4,1016.3,5,1,20.7,24,No,No
13-05-2016,MountGambier,12.1,19.7,2,,,NNW,44,NNW,NNW,24,26,86,63,1020.2,1018.6,8,3,15.3,18.9,Yes,No
05-06-2011,Nuriootpa,2.5,15.2,0,0.8,,WNW,52,NW,WNW,15,30,64,57,1018.1,1015.7,2,6,11.5,14.4,No,Yes
16-06-2017,PerthAirport,6.6,20.8,0,1,8.3,S,22,ENE,SSW,9,9,85,43,1027.4,1024.6,1,2,12.1,20.2,No,No
11-02-2009,Darwin,25.2,30.8,8.4,4,1.1,NW,35,N,NNE,11,17,92,79,1005.8,1003.5,8,7,27.1,29.2,Yes,No
18-01-2014,MountGambier,16.2,23.2,3,10,8.9,S,44,SSE,SSE,20,26,81,50,1015.4,1015.7,8,6,17.4,21.9,Yes,No
31-08-2010,NorfolkIsland,12.1,17.1,2,4,9.1,WSW,44,SW,SSW,20,17,62,67,1019,1018.3,2,7,15.4,15.6,Yes,Yes
03-05-2014,Darwin,25.2,32,0,4.8,4.9,NNW,35,NNW,SW,11,20,76,82,1012.4,1009.7,5,7,29.1,26.8,No,No
14-09-2016,SydneyAirport,16.3,24.9,2.4,1.8,3.9,NNW,44,NNW,NNW,17,22,83,47,1013.9,1007.9,8,7,18.7,24.5,Yes,No
22-10-2010,Portland,12.3,26.6,0.2,7.8,4.7,WNW,70,N,WNW,20,39,51,55,1012.7,1010.8,7,8,18.3,18.9,No,No
30-03-2012,Woomera,17.5,35.2,0,,,N,67,NE,NNW,11,30,40,11,1015.9,1012.3,,,22.5,34.1,No,No
09-01-2011,Hobart,13.5,19.6,11.8,4.4,12,SE,39,ENE,SE,6,26,73,66,1021.4,1024.4,,,18.1,17.9,Yes,No
12-10-2015,Wollongong,17.3,24.6,1,,,SSW,52,NE,ENE,6,7,57,71,1015.6,1012.5,,5,21.5,22.8,No,Yes
03-04-2014,Portland,10.8,18.1,0.2,3,5,SE,35,SW,S,11,17,76,71,1021.2,1021.8,8,8,14.7,16.6,No,No
04-07-2011,AliceSprings,7.6,22.1,0,2.2,9.9,SE,37,SSW,S,11,13,75,34,1023.1,1019.9,2,2,13,21.8,No,No
03-04-2010,SydneyAirport,16.4,22.3,0,6.6,7.2,SE,44,W,S,13,24,73,63,1021.5,1020.3,3,3,19,21.2,No,Yes
01-12-2014,NorahHead,19.1,27.9,1.2,,,NNE,48,NNE,NE,13,30,80,81,1011.3,1008,,,22.6,22.8,Yes,Yes
26-01-2013,Townsville,26.9,33.8,0,7.8,11,N,35,W,N,17,28,55,55,999.6,995.9,5,5,31.2,33.4,No,No
27-01-2016,Albany,17.9,22.3,0,4.2,10.8,,,SE,,7,,69,,1020.3,1020,4,,20.5,,No,No
08-04-2009,Williamtown,11.3,21.5,0.8,2.2,4,,,W,SSE,11,24,74,72,1026.2,1024.4,5,7,18.1,18.8,No,No
09-02-2010,Sale,16.8,28.8,0,6,9.4,E,33,NNW,E,4,20,95,55,1020.3,1018.8,8,6,19.5,27.8,No,No
15-06-2017,Richmond,7.5,19.2,0,,,S,17,N,SSE,6,4,99,72,1028.4,1024.2,8,,9.4,18.4,No,No
21-04-2017,BadgerysCreek,9.9,24.3,0,,,NNE,24,,N,0,6,86,58,1028.6,1024.6,,,14.7,22.4,No,No
03-03-2016,PearceRAAF,12.4,30,0,,9.5,WSW,46,WNW,WSW,4,26,76,50,1016.9,1015.5,,,19.3,25.9,No,No
28-05-2009,Albury,2.6,15.7,0,,,SSE,13,,S,0,2,91,48,1023.4,1021.6,,,7.1,15.3,No,No
11-07-2011,Portland,7.7,11.9,2.4,1.4,0.2,W,52,SW,WSW,17,24,66,67,1025.1,1024.6,8,8,10.3,11,Yes,No
19-02-2010,Woomera,21.5,37.7,0,13.4,12.5,N,37,ENE,W,11,4,21,12,1017.4,1014.1,0,2,28.3,36.9,No,No
13-02-2017,Katherine,24.5,31.6,15.4,6,,WNW,35,NNW,WNW,9,13,88,,1007.6,1004.5,8,,27,,Yes,Yes
23-10-2011,Witchcliffe,14.2,19.8,0.2,,,SE,54,SSE,SSE,26,31,81,76,1017,1017.3,,,16.9,16.7,No,Yes
13-04-2009,Portland,5.7,22.2,0,2.6,9.8,ESE,22,NNE,S,9,11,89,56,1021.7,1017.7,0,1,10.8,19.3,No,No
28-02-2012,Melbourne,17.7,21.1,25.6,1.4,0,SSE,39,S,SSE,11,28,91,64,1015,1015.2,8,7,17.9,20.4,Yes,No
18-03-2013,BadgerysCreek,11,24.1,0,,,ENE,30,SW,ENE,17,4,60,36,1021.4,1019.7,,,15.4,22.6,No,No
28-10-2010,GoldCoast,17.6,25.4,0,,,SE,41,SSE,SE,13,26,71,75,1017.4,1015.8,,,23.9,22.1,No,No
14-11-2013,Townsville,23.2,30.4,0,5,6.3,NE,35,NE,ENE,13,22,68,55,1013,1009.7,7,4,27.8,29.5,No,No
19-08-2009,AliceSprings,10.8,32.3,0,7.6,11,NNW,50,NNE,WNW,22,24,16,10,1020.9,1017.2,0,1,24.3,31.3,No,No
10-04-2013,Albury,10.3,27.1,0,,,WNW,24,E,SSW,6,6,72,38,1024.8,1020.6,,1,16.8,26,No,No
28-04-2009,WaggaWagga,7.6,15.2,0.8,0.8,6.7,WSW,39,W,WSW,19,20,79,47,1017.9,1018.4,5,7,11.1,13.6,No,No
24-03-2011,NorahHead,17.2,27.4,0,,,WNW,41,NW,WNW,13,11,52,44,1006.3,1004,,,22.1,25.4,No,No
14-08-2013,Wollongong,10.3,22.9,0,,,WSW,52,N,WNW,19,17,45,24,1012.6,1006.7,,,15.8,22.8,No,No
01-08-2011,Launceston,9,15,1.8,,,NNW,37,NW,NW,7,13,99,79,1014.7,1009.9,,,10.6,13.6,Yes,Yes
03-06-2013,Cairns,16.4,27.7,0,4.8,10.7,SSE,31,WNW,ESE,6,20,74,57,1013.4,1011.9,2,1,22.4,26.7,No,No
06-01-2010,Walpole,16.3,35.4,0,,,W,54,NNE,WNW,9,24,65,50,1003.1,1002.2,,,22.9,27.7,No,No
13-02-2015,Townsville,25.9,34,0,11.2,6.7,E,54,SE,E,26,31,61,50,1011.8,1008.4,5,7,28.8,32.4,No,No
13-02-2016,Williamtown,17.1,30.4,0,,,ESE,37,NNE,ENE,11,15,72,41,1014.8,1011.8,,,23.3,29.4,No,No
19-12-2015,Penrith,19,37.8,0,,,ENE,31,W,E,2,19,64,17,,,,,25.5,37.5,No,No
11-05-2012,Richmond,7.8,27.4,0,2,,WNW,19,,,0,0,93,35,1018.9,1013.6,,,13.3,26.2,No,No
26-03-2013,Watsonia,13.8,30.7,0,6.6,11.1,NE,52,ENE,N,7,19,75,29,1016.1,1012.2,1,1,16.9,30.1,No,No
30-06-2011,Tuggeranong,1.8,14.1,0,,,ENE,19,SW,NE,4,9,85,50,1040.2,1035.7,,,6.1,13.4,No,No
22-01-2010,SydneyAirport,22.1,34.9,0,8.2,9.6,NE,48,W,NE,11,28,68,45,1013.6,1008.2,3,1,26.7,33.9,No,No
17-03-2014,Williamtown,11.3,27.5,0.8,6.8,,NW,37,NW,W,20,19,53,24,1017.6,1016,1,0,18.6,26,No,No
21-10-2013,NorahHead,16.6,26.2,0.2,,,NNE,37,SSE,NNE,2,26,80,78,1016.4,1012.2,,,20.3,22.1,No,No
08-01-2016,Darwin,26.4,31.9,0,8,6.7,N,33,SW,W,11,7,88,62,1013,1010.9,,6,28.4,31.7,No,Yes
30-04-2014,SydneyAirport,18.4,23.9,3.4,5,7.1,W,50,WSW,WSW,13,26,82,32,1012.4,1011.7,7,2,19.6,21.6,Yes,No
24-04-2009,Nuriootpa,11.2,15.8,19.6,1.8,2.8,W,69,NW,WSW,22,30,97,96,1002.6,1004,8,8,12.1,13.4,Yes,Yes
10-01-2012,Cobar,18.4,30.4,0,11.6,,SW,39,S,SSW,13,19,32,19,1012.7,1010.6,6,3,22,28,No,No
01-06-2014,Cobar,11.7,14.9,33.2,1.8,,ENE,22,WNW,WNW,9,11,94,90,1018.2,1016.8,8,7,12.5,13.8,Yes,No
30-09-2014,WaggaWagga,6,25.9,0,4.4,11.1,SW,74,NE,WNW,9,30,59,16,1014.2,1009.2,1,1,16.7,25.7,No,No
06-03-2012,Richmond,18,24.9,0.4,,,SSW,35,SW,SSE,13,19,78,52,1019.5,1017.5,,,19.6,23.8,No,No
14-04-2012,Williamtown,11.7,25.5,,,,,,NNW,SE,11,15,82,62,1028.6,1024,,,18.2,23.9,,No
13-04-2015,SalmonGums,15,21.3,1.8,,,W,31,WSW,W,15,15,86,80,,,,,16.2,18.5,Yes,Yes
17-05-2010,Witchcliffe,9.2,18.8,3.6,,,N,17,NNW,,9,0,99,70,1019.3,1016,,,13.7,17.5,Yes,No
05-05-2017,MountGinini,2.2,9.8,0,,,NW,37,WNW,WNW,13,11,97,72,,,,,5.2,8.8,No,No
05-11-2014,SalmonGums,9.8,35.5,0,,,NNW,37,NNW,NW,24,13,29,12,,,,,25.4,34.8,No,No
08-11-2009,Penrith,15.3,23.1,1,,,SE,20,SW,S,13,15,85,98,,,,,19.8,19.1,No,Yes
07-02-2010,Adelaide,15.5,35,0,,12.7,SW,33,NNE,WSW,2,15,35,17,1018.1,1016.9,,,24.2,33,No,No
20-01-2013,Walpole,13.3,25.2,0,,,SSE,33,ESE,SSE,15,19,65,69,1012.8,1011.2,,,21.7,22.2,No,No
24-09-2016,Albany,6,16.2,7.6,,,,,NW,,9,,81,,1015.4,1011.8,7,,11.4,,Yes,Yes
16-06-2017,MelbourneAirport,6.3,16.6,0,1,4.8,N,26,N,,17,0,78,65,1026.5,1024.2,5,3,10.2,14.2,No,No
05-03-2017,MountGinini,8.1,17.1,6.8,,,SSE,41,SSE,SSE,13,11,96,78,,,,,10.6,14.4,Yes,No
12-11-2014,Sydney,16.4,22.2,0,4.6,6.1,ENE,33,WNW,E,6,20,66,51,1019.7,1016,6,1,18.8,21.6,No,No
09-06-2017,Portland,9.8,13.9,0.8,,,S,28,SSW,S,9,7,79,85,1034.7,1033.9,8,8,12.3,12.6,No,Yes
28-09-2014,Uluru,10.7,36.6,0,,,WNW,44,N,WNW,15,30,15,8,1014.7,1011.3,,,25.6,35.2,No,No
13-08-2013,Watsonia,7.3,15.1,0.8,4,10.1,N,54,NNW,NNW,15,24,61,56,1012.2,1009.7,1,5,10.5,14.1,No,No
18-09-2013,Melbourne,13.1,20.1,0,1,2.9,W,63,N,NNW,13,39,69,48,999.9,995.4,7,7,15.5,18.1,No,Yes
03-08-2015,Townsville,13.4,26.6,0,6,10,NE,30,ESE,NNE,13,15,73,48,1020.2,1016.6,1,1,22.2,25.7,No,No
03-12-2009,Hobart,11.2,23.7,0,5.6,7.1,WNW,70,N,N,28,24,54,38,1014.6,1008.6,,,16.3,23.1,No,Yes
15-04-2010,Perth,15.9,22.8,3.4,4.6,4.5,NW,37,N,NW,11,15,83,71,1012.4,1011.7,5,7,18.5,20.7,Yes,Yes
26-06-2012,Albany,,19.1,0,3.8,5.4,,,NNE,NNW,9,19,42,44,1015.9,1010,6,7,15.1,18.4,No,No
15-02-2017,NorahHead,19.1,27.4,26.4,,,NE,43,SSW,E,11,11,83,64,1017.2,1014,,,21.4,25.1,Yes,No
01-02-2012,WaggaWagga,15.4,28.1,0,8,11.6,ENE,46,SE,ENE,15,22,58,38,1012.7,1009.8,5,3,18.7,26,No,No
21-03-2011,Newcastle,20.8,,0.6,,,,,,SE,0,6,96,74,,,8,7,21.8,26.9,No,No
09-12-2013,Launceston,12.5,18.3,0,,,NW,50,NW,NNW,22,28,56,62,1001.6,998.9,,,17.4,15.5,No,Yes
15-07-2015,Darwin,16.4,29,0,6.8,10.8,ESE,41,ESE,ESE,19,9,31,19,1017.1,1013.4,0,0,20.2,28,No,No
07-05-2011,Brisbane,12.3,25,0,4,10,W,13,SW,W,6,4,67,38,1018.3,1014.3,1,3,18.1,24,No,No
11-02-2010,CoffsHarbour,18.2,27.9,0,4.8,12.4,NE,39,NNW,NE,11,28,66,59,1017.8,1015.5,1,2,25.2,26.9,No,No
23-04-2016,Sydney,16.2,20.2,6.6,3.4,1.3,SSW,52,SSW,SSW,22,17,83,85,1024.2,1024.5,7,6,16.8,16.5,Yes,Yes
13-02-2009,Cairns,25,31.5,0,5,6.7,NNE,28,,N,0,17,77,73,1009.7,1007.3,7,7,28.2,30.6,No,Yes
21-08-2009,Witchcliffe,6.4,15.4,3,,,W,54,W,W,17,26,63,56,1012.9,1009.8,,,12.8,14.3,Yes,Yes
02-10-2013,Sale,5.9,18.5,2.2,4,4.8,NW,91,NW,NW,31,44,40,42,1004.8,999.3,3,8,15.1,16.7,Yes,Yes
09-08-2015,Tuggeranong,-4.1,12.8,0,,,NNW,30,,NNW,0,13,82,50,1024.8,1019.3,,,2.5,11.9,No,No
14-07-2011,Canberra,-3.1,11.3,,2.4,7.3,,,NNW,S,6,15,99,34,1028.6,1028.3,,1,-1.1,10.5,,No
22-12-2010,MelbourneAirport,7.1,24.7,0.2,3.6,13.4,SW,33,NNE,NNE,6,13,63,34,1019.4,1015.9,2,4,13.8,22.2,No,No
05-05-2015,MelbourneAirport,11.5,16.8,3.4,7.4,6.1,W,76,N,WNW,26,44,85,40,999.9,1001.9,7,4,12.9,15.2,Yes,No
05-08-2016,Brisbane,11.6,20.9,0.2,4,9.1,SSW,30,SSW,SE,9,11,59,42,1024.8,1022.8,1,3,16.7,20.4,No,No
09-10-2016,SalmonGums,7.9,18.6,1.4,,,W,54,W,W,26,24,55,33,,,,,13.7,17.4,Yes,No
25-03-2010,Albany,17.6,21.6,0.2,4.4,4.8,,,SSW,SE,9,26,79,88,,,7,8,19.8,18.5,No,No
24-08-2013,Adelaide,11,15.7,3.8,,1.4,NW,22,NE,NW,6,13,94,61,1026.4,1025,,,12.2,15.2,Yes,No
25-01-2010,NorahHead,20.7,26.9,0,,,NE,37,SSW,,11,,85,,1014.5,,,,22.7,,No,Yes
11-03-2011,WaggaWagga,17.7,26.3,19.8,1.6,7.4,ENE,28,NE,NE,11,15,89,61,1015.4,1014,6,5,19.5,24.9,Yes,No
15-09-2016,Mildura,9.6,16.7,2.8,3.8,3.3,WNW,43,WSW,SW,20,15,83,62,1013.5,1013.2,7,7,12.6,15,Yes,No
16-12-2010,Tuggeranong,13.6,25.4,13.8,,,SW,41,SE,WNW,2,24,95,42,1004.8,1001,,,14.6,24.7,Yes,No
13-03-2017,GoldCoast,23.6,27.2,0,,,WNW,52,W,ESE,22,15,69,76,1014.5,1012.7,,,25.6,25.2,No,Yes
01-03-2017,Canberra,11.2,29.6,0,,,E,37,SE,SE,7,19,70,33,1022.3,1019.3,,,18.7,28.3,No,No
16-05-2010,Bendigo,3,16.1,0,1.4,,SSE,19,SSE,,9,0,79,68,1021.2,1019.2,2,7,10,14.3,No,No
15-10-2012,Dartmoor,9.4,21.7,0,6.8,8.6,NW,44,NW,NW,24,31,46,57,1013.9,1014.8,,,18.4,20.2,No,No
12-03-2016,Richmond,19.7,33.4,1,,,E,28,NNW,N,7,9,89,38,1019.8,1016.7,8,,22.5,32.8,No,No
12-08-2014,Melbourne,6.4,13,0.6,1.2,2.4,S,31,SW,S,9,20,87,65,1033.9,1033.1,7,7,8.1,12.1,No,No
17-09-2013,Sale,12.4,14.6,16.8,2.8,0.8,E,52,E,E,39,31,94,88,1005,1003,8,8,13.6,14.5,Yes,Yes
15-11-2010,MountGambier,4,17.7,0.4,3,4.5,S,35,SW,SSW,7,22,71,56,1018.2,1016.8,7,7,12.9,15.3,No,No
25-05-2016,Walpole,9.4,16.3,7.6,,,NW,50,NW,NW,15,17,92,93,1008.7,1007.7,,,11.9,13.4,Yes,Yes
21-07-2015,Witchcliffe,6.2,14.9,6.8,,,SW,50,SW,WSW,2,15,72,61,1014.3,1015.7,,,10.9,14.4,Yes,Yes
04-03-2013,Albany,17.4,27.6,1,1,10.4,,,WSW,WSW,2,22,76,64,1002.8,1003,3,4,22.3,23.1,No,No
28-10-2011,WaggaWagga,12.6,29.2,0,9,6,NE,31,ENE,NNW,17,11,60,36,1017.3,1011.5,7,7,17.8,27.9,No,Yes
05-04-2016,Hobart,13,25.8,0,4.6,3.8,NW,80,NNW,NW,22,33,54,33,1004.7,999.8,7,6,15.5,24.6,No,No
19-04-2012,Witchcliffe,11.6,18,1.8,,,S,20,NE,ENE,9,6,,,1018.8,1017.1,,,14.6,15.8,Yes,Yes
17-09-2015,SydneyAirport,12.2,18.3,0,4.2,8.2,S,54,SSW,SSE,13,31,62,64,1018.4,1018.3,3,7,17,16.8,No,Yes
21-09-2016,Melbourne,10.9,15.2,1.2,5.2,2,SSW,35,WSW,SSW,4,11,95,79,1010.6,1008.5,7,7,11.8,14.8,Yes,Yes
30-11-2014,Nhil,20.6,39.6,0,,,W,76,NE,WNW,17,28,37,10,1006.5,1002.4,,,24.4,36.8,No,No
10-02-2011,Watsonia,13,28.8,0,4.6,1.3,WSW,56,E,NE,6,9,94,56,1017.4,1013.6,7,7,19.2,28,No,Yes
07-02-2014,Walpole,16,21.2,4.6,,,SSW,30,SSE,S,9,13,75,64,1016,1014.3,,,17.7,18.9,Yes,No
19-03-2015,Brisbane,19.8,33.5,7.6,4.8,11.1,ENE,20,NNW,ENE,6,13,55,58,1013.2,1009.4,1,1,27.8,31.6,Yes,No
16-03-2010,Williamtown,11.9,25.9,0,3.8,9.1,SE,31,NW,SE,9,19,94,57,1023.2,1022.2,3,2,18.2,24.2,No,No
11-05-2014,Richmond,10.7,23,1.4,,,ESE,30,NW,SSE,9,15,80,42,1021.9,1021.3,,,18.2,22.1,Yes,No
08-10-2014,WaggaWagga,3.8,20.5,0,5,11.2,SW,41,,W,0,20,71,32,1020.6,1019.4,2,2,11.7,19.4,No,No
04-01-2013,MountGinini,14.4,26.3,0,,,ENE,41,NE,NNE,19,13,43,29,,,,,18.8,25.4,No,No
09-09-2013,Williamtown,17.1,26.5,0,,,NW,24,N,SW,11,6,77,54,1021.5,1014.8,8,,20.4,25.1,No,No
21-04-2012,Brisbane,18.1,29.9,0,3.2,10.4,ENE,17,WSW,ENE,6,9,72,61,1014.6,1011.1,1,3,23.6,27.8,No,No
08-02-2009,Nuriootpa,16.9,24.6,0,18.2,5,SSE,43,SSE,S,13,17,70,36,1013.6,1014.3,6,7,19.4,24,No,No
08-08-2015,NorahHead,8.6,15.6,0,,,SSW,37,WSW,S,13,28,68,66,1023.9,1021.9,,,11.9,14.9,No,No
29-04-2012,WaggaWagga,2.2,20.5,0,2.2,9.8,ENE,26,ENE,SSE,7,6,82,41,1022.6,1019.9,0,1,10.2,20.2,No,No
14-03-2014,Walpole,14.9,21.1,1.4,,,SSW,48,SW,WSW,20,19,63,49,1018,1018.1,,,18,20.3,Yes,No
06-06-2016,SydneyAirport,13.9,18.2,67.8,12.6,2.2,W,56,W,W,31,31,54,43,999.9,998.4,7,7,15.1,17.5,Yes,No
13-07-2014,SydneyAirport,6.2,14.1,0,3.6,9.6,SSW,46,W,SSW,17,30,48,58,1027.3,1027.4,1,3,9.7,13.7,No,No
16-06-2011,Perth,12.7,19.4,8.8,1,6.6,SW,50,,SW,0,11,93,48,1024.2,1023.7,6,3,13.9,18.6,Yes,No
11-06-2010,Bendigo,5.8,13.3,0,1.8,,WSW,35,W,WSW,4,9,84,81,1023.3,1021.2,7,5,9.5,11.6,No,No
12-10-2015,WaggaWagga,11.5,24.8,12,4.2,12,WNW,41,E,W,11,24,73,40,1016.6,1014.3,2,1,16.6,24.3,Yes,No
08-08-2014,Sale,7.1,14.2,0.8,,,W,24,WNW,NW,11,17,95,63,1031.3,1029.4,8,7,9.6,13.7,No,No
10-12-2016,Dartmoor,9.2,16.1,0,,,SSW,30,NW,SW,6,13,73,72,1024.8,1024.4,,,13.4,14.9,No,No
15-08-2009,WaggaWagga,0.5,17.2,0,0.8,9.9,E,24,E,ENE,13,13,87,60,1021.6,1017.9,1,1,7,16.8,No,Yes
06-01-2009,Bendigo,12.2,35.3,0,10.8,,WSW,44,NNW,WNW,7,24,44,13,1010.7,1007.2,0,1,22.4,34,No,No
06-12-2013,PearceRAAF,20.3,34.5,0.4,,10.9,W,46,NE,SW,20,28,30,28,1006.6,1002.5,3,,28.1,32,No,No
03-06-2010,PerthAirport,5.6,21.4,0,1.6,8.6,S,28,NE,SSW,9,17,76,47,1022.7,1020.7,1,6,12.9,21.1,No,No
26-01-2014,Woomera,17.3,35.6,0,10.8,13.3,N,50,E,ENE,20,9,30,6,1016.8,1013.7,0,0,23.8,33.7,No,No
26-10-2010,Cairns,20.2,30.6,0,7.2,11.8,SE,35,SSE,SE,19,17,63,52,1015.2,1012,2,1,27.3,29.2,No,No
30-01-2016,GoldCoast,22.5,29.2,16.6,,,NNW,44,N,N,13,20,100,100,1007.3,1005.4,,,26.8,27.8,Yes,No
24-02-2012,MelbourneAirport,11.2,37,0,6.6,12.3,N,39,NE,WNW,7,15,80,12,1020.5,1018,1,1,17.4,35.9,No,No
23-05-2015,Albany,7,20.1,0,1.2,6.9,,,SSW,W,4,33,87,70,1017,1016.9,1,6,10.8,17,No,No
07-04-2016,Penrith,19.1,20.7,0,,,SE,26,SE,E,13,7,68,54,,,,,19.6,20.4,No,No
26-08-2013,Williamtown,6.9,22.6,0,25.6,,WSW,30,WNW,SE,13,19,52,51,1024.8,1020.5,1,5,15.8,19.5,No,No
21-01-2012,PerthAirport,18.9,35.5,7.8,7.4,13.2,W,39,NNE,W,13,20,45,43,1006.4,1004.2,3,1,31.1,32.9,Yes,No
15-09-2012,Nuriootpa,8,17.9,0,3.2,6.3,SW,30,NE,WNW,17,11,78,57,1026.4,1022.7,6,7,11.4,17,No,No
30-12-2011,Penrith,15.2,26,0,,,SE,28,S,SE,7,13,66,50,,,,,20,24.7,No,No
09-02-2016,Brisbane,20,30.4,0,8.2,12.5,SSE,39,SE,ESE,11,15,54,46,1015.8,1013.3,4,1,27.4,29.4,No,No
22-12-2009,Albany,16.1,20.4,0,7.2,12.2,,,SE,SE,19,26,65,69,1011.6,1007.6,3,1,18.7,19.2,No,No
12-08-2016,Launceston,5.1,12.2,1,,,NNW,52,NNW,NNW,15,30,92,92,,,7,8,10.5,10.7,No,Yes
21-09-2012,Dartmoor,11.7,16.9,0.8,3.6,8.8,W,43,WSW,WSW,15,15,92,71,1016.7,1018.7,,,12.7,16,No,No
07-09-2016,BadgerysCreek,9.5,22.5,0,,,E,26,SW,E,7,15,82,62,1031.7,1028.5,,,17.8,21.1,No,No
13-06-2014,Albury,7.9,12.2,3.6,,,ENE,20,,E,0,9,100,100,1016.1,1013.2,8,8,10.3,12.2,Yes,Yes
30-08-2014,Portland,6,21,0.2,2.2,9.6,NNE,19,ENE,WSW,9,7,95,57,1024.8,1020.4,5,,9.6,19.4,No,No
24-04-2016,Dartmoor,8.5,20.8,0,0.6,9.4,E,26,E,ENE,7,4,80,53,1031.6,1028.2,,,13.5,19.6,No,No
05-05-2009,WaggaWagga,5,21.9,0,2.8,10,,,ENE,WSW,4,6,74,38,1031.1,1027.9,2,7,11,20,No,No
11-04-2009,Wollongong,16.9,21.8,0,,,N,19,S,NNE,7,7,81,78,1025,1022.9,7,8,19.7,21.2,No,Yes
24-03-2017,Wollongong,17.7,23,8.8,,,S,43,SW,S,17,20,85,75,1020.3,1019.6,7,8,19.9,22,Yes,No
17-07-2009,Sydney,9.2,15.8,7,3.2,4.5,,,W,SSW,20,22,80,59,1019.2,1019.2,3,6,10.7,15.1,Yes,No
28-05-2009,Tuggeranong,3.7,15.2,0,,,SSE,35,SE,NW,7,7,70,46,1022.9,1020.8,,,9.4,14.6,No,No
27-04-2013,Nhil,12.5,27.8,0,,,NW,59,N,NNW,24,33,58,20,1018.3,1012.3,,,16.7,27.3,No,No
04-06-2017,WaggaWagga,-1.2,15,0,,,W,19,E,SW,9,6,79,50,1029.3,1025.6,,5,6,14.8,No,No
23-05-2015,MelbourneAirport,9.1,13.2,0,1.4,6.6,SSW,26,SSW,SSE,11,17,69,63,1033.5,1031.6,7,3,10.5,12.3,No,No
30-10-2012,Perth,13,22.4,0,5,7.4,SSW,37,SSW,SSW,11,20,49,49,1014.4,1013.9,5,6,18.9,20.8,No,No
22-03-2012,NorfolkIsland,18.3,25.5,0.8,2.8,10.4,NE,24,NNW,NNW,7,11,73,62,1011.4,1011.1,1,1,22.8,25.1,No,No
27-02-2011,Sydney,20.3,30.3,0,8,1.4,SSW,37,W,WNW,17,6,74,63,1008.3,1007.5,,,22.3,26.9,No,No
30-06-2010,AliceSprings,9.5,11.6,0,2.6,0,SW,19,SSW,ENE,11,6,68,72,1023.8,1022.2,8,8,9.9,11.2,No,Yes
12-02-2017,Sydney,24.5,31.9,0,10.4,7.8,SSE,59,S,SSE,2,33,67,59,1000.5,998,1,7,28.1,28.1,No,No
31-12-2013,Townsville,25.9,35.6,0,9,12.3,N,39,NW,NNE,13,24,64,55,1010.8,1006.2,4,1,30.1,32,No,No
10-04-2012,Witchcliffe,12.3,30.6,0.2,,,N,35,ENE,N,6,19,,,1023.4,1021.2,,,23.5,29.7,No,No
08-11-2016,Hobart,9.3,17.9,0,5.2,10.6,W,67,NW,WNW,30,20,45,26,1000.9,1005.4,7,4,13.5,17.8,No,No
07-08-2016,Sydney,10.3,16.4,0.6,0.6,2.6,W,33,W,ESE,15,7,80,64,1027.4,1024.7,7,6,12.4,15.9,No,No
05-12-2014,Uluru,26.2,43.3,0,,,E,70,NNE,NNW,19,26,32,19,1007.9,1002.1,,,34.7,39.9,No,No
11-11-2014,Sydney,16.6,23.2,0,4.2,5.1,ESE,35,ESE,SE,7,20,51,66,1020.1,1019.6,6,8,21.3,19,No,No
05-10-2012,Perth,8.5,23,0,4.2,11.8,S,30,E,E,13,11,58,25,1023.7,1020.2,1,0,15.8,22.4,No,No
04-03-2017,Woomera,23,36.8,0,14.4,,S,48,ESE,SW,17,28,36,15,1014.4,1012.5,0,,26.7,35.4,No,No
28-04-2012,Sale,4.8,20.3,0,2.6,9.5,W,52,NW,W,11,35,79,48,1020.5,1015.6,2,5,12.8,19,No,No
19-08-2011,Townsville,13.2,27.3,0,8,11.7,S,35,SW,NE,24,20,20,17,1020.2,1015.8,2,1,20.8,25.7,No,No
03-04-2016,Adelaide,11.6,23.3,0,,,E,26,E,WSW,11,13,41,41,1027.9,1024.2,,,17.4,20.6,No,No
31-03-2010,Darwin,23.7,33.2,41.2,7.8,8.7,S,39,S,S,28,15,71,52,1007.4,1004.4,7,5,28.6,32.5,Yes,No
16-05-2017,Launceston,0.3,16.9,0,,,WNW,13,E,NNW,7,6,87,44,,,,,5.1,15.5,No,No
06-06-2017,Adelaide,8.8,16.5,0,,,SE,24,SSW,SSW,7,4,70,45,1032.5,1030.7,,,12.6,16.3,No,No
05-07-2013,Uluru,6.3,18.7,0,,,E,31,SSE,E,15,17,51,37,1022.5,1019.4,,,10.5,17.7,No,No
30-01-2012,GoldCoast,22.1,28.2,3.2,,,NNE,48,NE,NNE,31,31,78,74,1009.7,1007.2,,,25.7,26.5,Yes,No
25-05-2017,Walpole,10.2,19.8,0.4,,,NW,48,NNW,NW,15,22,78,64,1019,1015.1,,,16,19.1,No,Yes
06-05-2011,Townsville,15.2,28.1,0,7.2,10.9,E,35,SSE,ENE,11,24,38,38,1016.5,1013.8,1,1,23.5,26.6,No,No
05-01-2016,Nhil,15.1,31.6,0,,,S,56,E,SSE,22,20,58,27,1016.4,1013.2,,,20.9,30,No,No
06-02-2009,Watsonia,16.7,34.8,0,8.8,8.5,SSW,41,SE,SSW,9,15,82,36,1010.7,1006.8,7,1,18,31,No,No
23-03-2012,Nuriootpa,10.7,18,3,2.2,3.1,WSW,50,WSW,WSW,20,31,68,51,1014.3,1014.9,7,7,13.4,15.8,Yes,No
19-12-2015,Launceston,13.7,32.1,0,,,NW,33,E,NW,4,20,61,34,,,,,22,31.2,No,No
15-06-2011,CoffsHarbour,11.8,19.3,27.4,3.4,4.6,SSW,48,WSW,WSW,11,15,88,89,1015.3,1014.1,6,5,15.3,17.3,Yes,Yes
18-10-2015,Nhil,4.7,26.8,0,,,SSE,24,SE,E,13,7,89,22,1029.1,1025.4,,,12.3,25.3,No,No
20-05-2015,AliceSprings,14.7,23.7,0,4.8,5.8,ESE,31,S,S,13,13,37,27,1021.8,1018.6,7,7,18.4,23,No,No
01-05-2009,Walpole,10.2,18.8,0,,,SSW,19,WSW,SSE,4,11,83,63,1030.1,1028.4,,,13.3,17.8,No,No
14-10-2013,Nhil,4,17.2,0,,,WSW,48,WSW,SW,19,33,78,35,1022.8,1022.1,,,8.9,16.7,No,No
25-02-2009,MountGambier,6.1,25.4,0,4.8,10,S,39,ESE,SSE,22,15,69,32,1021.4,1018.6,7,7,14.3,24.5,No,No
24-10-2011,Walpole,11.7,16.8,20.2,,,ESE,39,E,ESE,24,19,74,69,1022.1,1019.9,,,14,15.5,Yes,No
21-09-2016,BadgerysCreek,10.8,19.3,0,,,NNE,24,NNW,N,4,15,73,86,1012.3,1007.2,,,15.6,15.6,No,Yes
10-05-2010,Penrith,8.8,24.8,0,,,NNE,20,N,NE,4,13,98,43,,,,,14.1,24.5,No,No
15-05-2011,MountGambier,8.3,14.4,0,0.8,1.2,W,28,NW,WSW,9,19,67,63,1033.4,1032.8,3,8,12.6,12.8,No,No
04-08-2012,Hobart,4.8,13.8,0,0.8,6.8,W,37,NNW,SSW,17,13,69,44,1006.1,1006.6,,,8.2,11.8,No,No
14-12-2010,Dartmoor,10.6,29.8,0,3.4,12,NNE,41,ENE,N,15,22,74,39,1013.4,1007.8,,,18.5,27.5,No,No
24-09-2011,Watsonia,5.4,15.1,0,4,7.8,S,41,ESE,S,15,17,59,47,1023.5,1021.3,4,7,11.5,13.4,No,No
21-11-2010,MountGinini,7.3,18.6,0,,,NE,31,W,NNE,7,9,36,48,,,,,13.3,14.3,No,No
09-04-2009,NorahHead,14.9,22.6,0,,,NNE,28,S,ENE,9,13,80,69,1025.3,1022.3,,,19.4,21.1,No,No
20-05-2009,Darwin,23.8,32.6,0.4,3.2,10.1,N,35,ENE,N,17,22,73,55,1011.6,1008.2,4,5,27.7,30.8,No,No
09-07-2011,Bendigo,5.2,11.2,0,,,W,31,WNW,WNW,9,20,95,57,1022.2,1020.1,8,3,6.5,10.6,No,No
03-10-2009,SalmonGums,6.1,20.2,0,,,SSE,41,SW,S,19,17,64,51,,,,,15.8,18.6,No,No
31-10-2012,Williamtown,11.3,28.6,0,4.4,12.8,SE,33,WNW,SE,20,20,53,34,1016.7,1013.6,0,2,21.5,26.9,No,No
07-04-2015,Ballarat,8.3,12,1,,,S,48,S,SSW,22,31,99,99,1012.3,1014.9,8,,10.2,10.1,No,Yes
04-11-2014,NorahHead,16.4,24.3,0,,,NNE,46,NE,NE,20,28,76,69,1023.9,1019.8,,,19.2,21.5,No,No
26-12-2011,BadgerysCreek,17.1,28,0,,,W,30,WNW,NNE,6,9,78,63,1006.7,1003.8,,,21.9,26.7,No,No
14-09-2011,CoffsHarbour,6.1,22.2,0,4,11.1,NNE,30,NNW,ENE,9,17,40,33,1025,1021.1,1,0,18.8,21.5,No,No
16-09-2010,Albury,7.5,13.4,0,,,WSW,54,W,W,20,28,64,49,1019.2,1017,6,3,10.2,13.1,No,No
24-07-2014,Walpole,9.2,16.5,5.4,,,W,37,WNW,W,7,19,74,59,1019.2,1018.1,,,12.7,16,Yes,No
05-11-2010,Walpole,10.3,18.6,12.6,,,NW,48,W,W,19,17,75,63,1012.3,1012.3,,,15.5,17.5,Yes,Yes
25-01-2009,Brisbane,25.2,31,0,3.6,3.1,ENE,26,ENE,NE,7,15,81,80,1013,1012.9,7,7,27.3,27.9,No,Yes
14-09-2013,Watsonia,7.1,18.6,0,2.6,3,N,19,,NW,0,6,77,48,1015.4,1013,7,7,11.3,16.9,No,No
31-10-2014,Dartmoor,6.6,33.5,0.2,3.4,8.1,NNW,57,NNE,NNW,11,28,73,18,1005.8,999.4,,,16.9,30.4,No,Yes
17-11-2014,Cairns,18.8,31.3,0,7.4,11.4,NNE,28,NE,NE,13,15,53,53,1013.6,1010.2,1,0,28.1,29.2,No,No
04-06-2016,Richmond,12.3,18.5,5,,,NNE,44,ESE,NNE,7,22,99,87,1015.3,1008.5,8,8,14.3,18,Yes,Yes
31-08-2010,MelbourneAirport,8.1,12,0,3.2,0.2,N,76,N,N,33,41,68,67,1021.4,1015.1,7,7,10.6,11.6,No,Yes
03-05-2016,PerthAirport,7.5,21,0,2.6,3.3,S,26,SSE,SSE,9,9,82,57,1022.6,1019.7,5,7,15.4,20.4,No,No
22-09-2015,Cairns,21.1,30.6,0,,,SE,37,SSE,E,17,15,58,35,1018.4,1014.5,,,26.2,28.6,No,No
02-04-2016,Newcastle,15,34,0,,,,,NE,,9,,71,,,,1,,19.1,,No,No
17-06-2013,AliceSprings,7.1,19.9,0,3.2,7.6,N,41,ENE,SSW,9,17,48,33,1017.8,1014.6,5,5,12.8,18.5,No,No
25-11-2016,Nhil,7.8,21.8,0,,,SSW,46,SSW,S,28,22,53,34,1020.5,1019.7,,,14.2,20.9,No,No
11-07-2014,Dartmoor,7.9,14.4,1.6,0.6,5,NW,39,NNW,NW,19,19,100,98,1013.9,1012.1,,,10.5,13.5,Yes,Yes
01-10-2012,MelbourneAirport,6.8,17.3,0,2.8,6.3,SW,37,SW,S,24,20,76,59,1031.1,1030.7,7,7,11.7,14.6,No,No
31-05-2017,Mildura,0.9,13.9,0,2.1,9,SE,30,SSW,SSE,11,17,92,44,1035,1033.8,0,2,4.1,13.3,No,No
30-11-2011,Richmond,20.6,30.2,0,4.6,,NW,39,NE,NW,13,17,76,47,1009.8,1009.6,,,25.3,29.7,No,No
23-11-2016,AliceSprings,22,33.7,0,10.4,,ESE,52,SE,SSE,22,24,37,20,1012.9,1009.2,6,,25.4,33.5,No,Yes
09-03-2015,Launceston,14.1,23.9,2.5,,,NNW,46,NNW,NW,11,20,91,35,,,8,,16.6,21.8,Yes,No
07-03-2017,Darwin,24.8,32.6,34.8,8,8,NNW,37,NE,NE,15,15,82,69,1007.4,1005.1,7,8,28.8,29.7,Yes,No
16-07-2014,Launceston,4.8,12.9,5.6,,,N,41,NW,NNW,6,9,96,95,,,8,8,9.8,10.5,Yes,Yes
14-10-2013,Launceston,2.6,16.4,0.8,,,WNW,33,N,WSW,11,13,68,42,1011.4,1011.1,,,7.1,14.7,No,No
03-05-2012,Walpole,13.3,25.4,2.2,,,NNE,41,SE,WNW,4,7,73,57,1015.1,1012,,,16.6,23.7,Yes,No
22-03-2012,Nuriootpa,5.8,17.1,0,4.6,1.4,W,39,NNE,W,7,22,85,49,1014.5,1012,7,7,10.8,16.1,No,Yes
05-12-2016,Mildura,18.3,27.4,0,4,6.2,SSW,35,SSW,S,22,17,65,28,1011.5,1010.8,4,7,19.6,26.4,No,No
22-07-2016,Perth,6.9,15.7,4,2,9.4,SW,39,SE,SSW,9,11,68,47,1023.4,1022.9,1,1,11.2,15,Yes,No
20-02-2010,MountGinini,9,19.1,0,,,WNW,43,WNW,WNW,19,19,94,53,,,,,12.1,17.3,No,No
09-10-2010,Wollongong,15.2,18.4,0,,,WSW,50,E,NE,13,13,69,68,1027.1,1025.9,8,8,16.4,16.8,No,No
01-01-2011,Witchcliffe,13.3,26.7,0,,,SSE,56,ESE,SSE,22,33,52,54,1016.1,1013.1,,,20.3,23,No,No
23-07-2011,Albury,0.1,14.6,0,,,W,19,,W,0,11,72,45,1024.7,1021.6,,,5.8,14.3,No,No
07-11-2009,AliceSprings,11.8,36,0,12,12.8,E,39,E,SSE,19,11,6,3,1016,1011.2,2,4,26.8,34.8,No,No
22-03-2011,Tuggeranong,15,25,16.4,,,NNW,35,,NNW,0,17,91,64,1001.1,999.6,,,17.5,24.7,Yes,No
04-08-2009,Witchcliffe,10.4,18.3,1,,,NW,28,N,WNW,7,13,99,70,1021.8,1018.7,,,13.5,16.8,No,No
29-03-2016,Woomera,17.9,25.2,0,4,8.3,SSE,41,SSW,S,20,20,60,35,1019.5,1018.3,8,6,18.5,23.9,No,No
09-12-2009,SalmonGums,5.1,23.8,0,,,SSW,50,SW,SSW,20,28,79,31,,,,,16.2,21.5,No,No
16-12-2009,WaggaWagga,17.5,39.2,0,9.4,12.8,WNW,39,ENE,NW,13,17,41,8,1017.4,1012.5,2,6,27.2,38.8,No,No
17-08-2014,Melbourne,7.5,16.7,0,1,4.1,S,43,S,S,17,31,73,58,1018.2,1016.1,,,10.7,15.1,No,No
29-12-2009,Woomera,22.4,38.7,0,20.2,13.2,SE,46,ESE,SE,31,13,21,7,1017.4,1014.2,2,6,28,37.2,No,No
05-07-2009,Walpole,6.8,18.3,0,,,NNE,28,E,NE,7,11,95,62,1021.1,1017.2,,,9.5,17.7,No,No
23-09-2009,WaggaWagga,9.3,17.1,7.8,6,1.5,NW,72,WNW,WSW,37,30,90,51,999.2,1004.8,8,7,10.4,15.3,Yes,No
04-08-2016,Albury,1.4,15.1,0.2,,,SE,30,SSE,SE,9,7,76,48,1029,1027.9,,,7.6,14.8,No,No
20-07-2012,Brisbane,9.8,21.9,0.2,1.8,9.8,WSW,20,SW,SW,9,6,59,46,1020.4,1017.6,1,3,14.9,21.6,No,No
19-11-2008,Sydney,17,22.1,6.2,7.8,1,,,NNE,E,9,20,91,78,1011.4,1008.2,8,8,18.4,20.9,Yes,Yes
19-05-2010,NorfolkIsland,16.7,21.3,9.6,4.6,2.4,NW,57,NE,ENE,13,26,71,80,1015.7,1011.9,7,7,19,20.4,Yes,No
28-05-2013,Townsville,15.9,26.1,0,8,3.8,SE,50,SSE,ESE,19,22,66,60,1020.8,1018.4,7,7,22,24.9,No,No
02-03-2015,WaggaWagga,15,31,0.2,10.8,11.5,ENE,43,E,N,31,9,37,27,1016.9,1012.7,1,2,18.4,28.7,No,No
25-03-2017,Portland,15.1,24.4,0,,,W,28,NW,W,11,20,69,81,1011.8,1012.3,,4,20.7,19.6,No,No
24-01-2016,Woomera,18.5,32.2,0,12,13.6,SE,44,SSE,SW,24,20,61,22,1014.5,1011.9,4,3,20.7,30.4,No,No
14-11-2014,Watsonia,17.8,20.7,0,12.4,1.3,SSW,56,SSW,SSE,22,13,57,61,1010.2,1013.7,6,7,19.5,17.3,No,No
16-06-2016,PearceRAAF,6.9,19.1,0,,5.7,E,20,ENE,S,6,9,88,68,1021.7,1019,,7,11.9,18.3,No,No
02-05-2011,Newcastle,10.2,21.2,0,,,,,,,0,0,91,68,,,7,8,15.2,20.1,No,No
08-08-2009,Moree,0.3,19,0,5,10.5,SSW,41,SW,SW,9,15,55,18,1022.1,1018.6,0,0,9.6,18.3,No,No
18-12-2011,GoldCoast,17.3,26,0,,,SSE,35,SSE,ESE,22,20,61,50,1019,1016.4,,,23.7,24,No,No
15-04-2009,Tuggeranong,8.1,22.4,9,,,W,69,N,NW,11,35,79,36,1010.7,1006.6,,,14.1,20.4,Yes,No
15-01-2015,Ballarat,11,18.8,1.2,,,WSW,39,SSW,WSW,17,19,99,61,1008.7,1008.8,8,8,12.6,16.7,Yes,No
16-03-2017,Perth,13,28.3,0,8,11.1,SSW,31,ENE,N,13,4,52,29,1018.3,1013.3,0,0,19.8,27.8,No,No
08-04-2015,Cobar,10.3,21,0.2,5,,SW,43,WSW,SSW,20,20,60,23,1021.7,1020,1,1,12.6,20.3,No,No
10-02-2012,Perth,23.7,40.1,0,9.2,12.6,ENE,35,ENE,W,15,13,35,34,1012.1,1008.6,2,2,30.3,34.8,No,No
19-04-2016,NorfolkIsland,19.2,24.5,0.4,3.6,1.8,ESE,39,E,ESE,19,24,73,70,1020.1,1019,7,7,21.8,21.6,No,No
04-06-2017,Brisbane,11.8,23.8,0,4,8.6,S,17,SW,SSE,7,6,63,45,1025,1021.1,1,2,17.2,23.2,No,No
11-10-2014,Ballarat,5.6,21.3,0,,,SSE,26,S,SSE,15,11,98,53,1016.5,1014.4,8,,9.8,19.3,No,No
02-03-2014,Sale,13.6,24.6,0,4.4,7.8,ESE,39,SSW,SE,13,19,87,61,1023.2,1022.6,7,3,17.3,21.4,No,No
19-09-2013,Penrith,13.8,23.6,0,,,NW,44,SW,NW,9,30,28,28,,,,,19.2,21.4,No,No
08-05-2016,MelbourneAirport,14.4,19.1,4,5.8,0,N,61,ENE,NNE,9,24,93,92,1011.1,1004.6,8,8,15,17.3,Yes,Yes
17-08-2013,Cobar,11.1,18.9,0,8,,WSW,41,SW,W,24,17,55,26,1015,1013.8,1,,12.5,18.5,No,No
25-03-2009,Canberra,14.3,30.7,0,8.4,7.1,NW,59,SSW,W,4,31,49,26,1020,1018.6,7,7,19.2,28.3,No,No
02-10-2013,BadgerysCreek,5,25.7,0,,,NW,46,NNW,WNW,13,28,41,24,1015.5,1007.4,,,17.5,25.4,No,No
10-05-2014,Penrith,8.5,21.7,0,,,NE,15,,S,0,2,42,62,,,,,12.1,20.3,No,No
16-05-2017,Wollongong,13.1,18.9,0,,,SSW,41,SW,S,15,24,54,55,1017.9,1016.4,,,16.2,18,No,No
17-10-2016,Walpole,11.1,15.5,2.4,,,SSW,41,SW,SSW,17,19,68,60,1023.8,1023.9,,,13.8,13.4,Yes,No
01-02-2017,Williamtown,21.5,26.3,1.8,,,SSW,41,SSW,SSE,15,17,98,82,1015.4,1011.6,8,7,22.2,25.4,Yes,No
24-12-2011,Hobart,13.2,24.2,0,2.8,7.2,SE,33,SE,ESE,7,24,72,59,1013.8,1011.9,,,19,21.8,No,Yes
04-05-2017,Nuriootpa,3.4,16.9,0,,9.5,NNE,20,ENE,NNE,11,7,60,39,1030.9,1027.8,0,,10.8,15.9,No,No
04-02-2012,Nuriootpa,11.5,32.2,0,5.6,5,WNW,43,ENE,NW,17,24,69,18,1003.8,999.6,4,7,17.8,30.7,No,Yes
11-06-2014,Tuggeranong,-0.6,13.5,0,,,W,19,W,NW,2,7,94,62,1028.6,1024.1,,,5.3,13.5,No,No
02-09-2016,Dartmoor,6.6,16.3,0.2,,,ENE,26,E,ESE,9,11,82,66,1013.8,1009,,,11.5,15.9,No,No
03-10-2015,CoffsHarbour,12.7,25.3,0,,,NE,39,NW,NE,9,28,67,64,1033,1027.9,,,22.1,23.6,No,No
24-04-2009,Townsville,19.8,29,0,7,10.5,ENE,30,SE,NE,15,20,63,49,1015.2,1011.4,1,3,25.7,27.9,No,No
06-07-2010,NorahHead,11.4,18.2,7,,,SSW,46,NW,SSW,17,17,93,62,1016.7,1014.5,,,13.2,16.1,Yes,No
14-03-2017,Mildura,15,32.9,0,6.5,11.4,ENE,35,ESE,E,11,19,63,27,1016.4,1013.8,0,2,20.5,31,No,No
14-03-2015,Darwin,28.6,33.5,0.8,6.8,8.5,WNW,41,W,WNW,15,30,80,70,1009.8,1006.5,7,7,30.2,32.5,No,No
23-06-2011,MelbourneAirport,8.6,15.4,0,0.6,3.2,W,41,W,WSW,20,22,85,74,1019.4,1019.9,7,7,11,13.5,No,No
09-10-2014,Adelaide,8.1,29.4,0,3,,N,31,NE,N,13,17,36,14,1020.1,1015.7,,,19.4,27.9,No,No
17-10-2016,SalmonGums,3.9,19.5,0,,,S,44,W,SSW,20,26,59,62,,,,,13.8,15.6,No,No
14-03-2017,GoldCoast,21.4,27.1,2.2,,,SSE,57,ESE,SSE,20,43,84,74,1016.4,1014.4,,,25.8,25.6,Yes,Yes
22-03-2013,Woomera,15.4,24.4,0,,,WSW,33,SSE,WSW,9,20,83,29,1017,1015.7,,,15.4,22.2,No,No
24-11-2014,MelbourneAirport,12.1,20.1,0,7.8,0.4,N,63,WSW,SW,9,26,57,91,1009.5,1006.7,7,7,20,17.8,No,Yes
19-03-2016,BadgerysCreek,11.7,24.8,0.8,,,SE,31,SSW,S,2,6,51,31,1011,1010.5,,,17.8,23.8,No,No
12-04-2010,Perth,16.7,17.7,0.4,5.8,0,SSW,28,WSW,NW,13,9,78,79,1008.8,1007.8,8,8,17.1,16.8,No,Yes
11-09-2016,PerthAirport,11.5,15.5,0,4.2,8.7,SE,52,SSE,ESE,17,30,60,56,1024.3,1023.1,6,7,13.2,14.9,No,No
02-11-2010,Walpole,12.5,30.2,0,,,ENE,37,NNE,SSE,17,11,54,65,1019.7,1016.8,,,21.7,23.3,No,No
16-09-2013,Nhil,10.7,20.2,3,,,NNE,52,NE,ENE,30,24,77,71,1003,999,,,14.1,17.9,Yes,Yes
15-06-2012,Newcastle,8,21,0.2,,,,,N,N,6,4,84,64,,,6,8,11.5,19.5,No,No
26-05-2014,Sydney,14.1,23.6,0,3.4,9.4,NNE,30,WNW,ENE,13,17,81,59,1023.4,1020.9,6,6,16.3,23.3,No,No
09-07-2013,Moree,0.6,19.1,0,2.6,8.6,E,33,E,ENE,15,13,68,38,1031.4,1027.6,5,6,9.9,17.3,No,No
28-12-2015,Walpole,13.4,23.6,0,,,SSW,31,S,SSE,13,13,74,72,1016.5,1015.8,,,22.4,23.2,No,No
09-11-2009,Cobar,20,32.7,0,10.6,11.7,ENE,35,NE,ESE,20,13,44,23,1023,1018.9,1,2,24.6,30.9,No,No
04-05-2009,Hobart,12.3,14.3,0,3.8,7.8,SW,76,S,WSW,15,13,53,33,1022.8,1026.6,6,1,12.7,13.8,No,No
22-07-2016,Mildura,14.6,18.7,0,3.4,1,WNW,57,WNW,WNW,13,20,79,55,1004.4,1001.5,8,7,18.6,16.9,No,No
03-09-2009,WaggaWagga,6.6,21.9,0,2.4,9,NNE,31,E,NE,20,17,61,55,1017.3,1012.3,2,5,13.2,19.3,No,Yes
09-03-2014,Hobart,14.1,29.6,0,5,11.7,N,46,NNW,N,20,26,65,34,1022.4,1017.5,,,17.2,28.2,No,No
24-09-2012,Newcastle,13.8,23.2,0,,,,,SW,SE,15,19,32,31,,,0,0,18.5,21,No,No
20-10-2016,Dartmoor,4.6,24.1,0,,,NNE,69,N,NNW,22,28,53,36,1013.8,1009.8,,,13,22.5,No,Yes
18-08-2013,Darwin,20.9,33.1,0,8,11.2,ENE,39,ENE,NW,11,28,63,51,1014.8,1011.4,2,1,26.5,30.3,No,No
10-02-2016,Adelaide,16.9,34.7,0,,,WSW,30,SW,WSW,6,15,32,25,1015.2,1012.3,,,24.2,33.4,No,No
14-05-2011,Sydney,10.8,17.9,0,3.4,10,WSW,52,W,WSW,28,20,50,33,1016,1017.6,,,11.7,16.2,No,No
31-10-2010,Nuriootpa,6.1,15,0.2,2.4,10.9,WSW,52,SW,W,17,20,67,31,1018.9,1018.6,6,6,9.6,13.9,No,No
29-01-2015,Cobar,16.6,30.5,0.6,10.2,,SSW,31,ENE,SSW,17,20,53,24,1012,1009.2,1,5,20.5,28.5,No,No
06-09-2009,MelbourneAirport,4.6,16.2,0,4.2,1.2,N,67,NNE,N,31,43,58,42,1014.2,1007.7,7,7,10.4,15.2,No,No
09-01-2012,NorahHead,21.8,25.9,4,,,SSW,37,SSW,SSE,24,22,88,72,1006.4,1006,,,22.3,25.2,Yes,No
30-03-2010,Tuggeranong,16.9,20.8,2,,,ENE,24,S,E,7,13,87,77,1019.4,1018.3,,,17.1,19,Yes,Yes
16-07-2016,Wollongong,9,17.1,0,,,SSE,22,SW,SE,7,9,73,69,1033.4,1030.3,,,14.7,16.6,No,No
14-08-2009,Albany,10.6,17.5,3.6,3.8,3.5,,,NNW,NW,28,9,75,74,999.1,995.5,6,7,14.5,14.2,Yes,Yes
30-06-2016,MountGinini,-3,-0.8,0,,,WNW,57,WNW,WNW,20,24,98,98,,,,,-2.8,-2.9,No,Yes
20-07-2012,Albany,10.9,18.9,0,0.6,5.3,,,NW,NW,7,6,81,67,1027.6,1026.3,4,7,13,17.6,No,No
15-02-2014,PearceRAAF,15.9,35.9,0,,12.6,SW,41,WSW,SW,7,22,47,26,1007.8,1005.2,,,25,33.3,No,No
05-10-2012,Darwin,24.6,33.9,0,8.4,10.5,N,37,ENE,NNW,17,22,64,52,1014.2,1010.1,5,5,29.2,32.2,No,No
13-01-2013,Sale,13.9,19.6,0,7.4,1.5,W,44,W,WSW,11,22,67,54,1013.9,1012.4,8,8,16,18.7,No,No
25-03-2016,Adelaide,13.6,23.4,1.2,,,W,37,SE,WSW,9,19,61,45,1023.9,1021.3,,,16.7,22.2,Yes,No
15-01-2013,Cairns,21.8,32.8,0,6.6,10.4,NE,31,SE,NE,11,20,62,64,1009.2,1007.3,4,4,29.1,31.2,No,Yes
17-12-2014,Moree,20.4,40.2,1,12,11.6,WNW,80,N,NNE,11,6,40,10,1005.3,1002.6,1,3,29.7,39.4,No,No
25-11-2012,PearceRAAF,15.7,29.1,5.8,,13.2,WSW,41,SE,WSW,9,30,51,42,1015.5,1014.5,,,22.9,27,Yes,No
24-11-2016,NorfolkIsland,18.8,23.1,1.8,4.6,,N,50,NE,NNE,28,24,84,83,1014.2,1011.7,8,7,21.3,22.3,Yes,Yes
16-07-2009,BadgerysCreek,4.2,16.5,0.2,,,SW,33,SSW,SSW,9,20,87,42,1012.7,1010.5,,,9,15.8,No,Yes
22-05-2016,PearceRAAF,7.8,19.9,12,,6.9,WNW,37,N,W,7,28,85,63,1017.7,1019.1,8,,13.9,18.6,Yes,No
01-07-2009,SalmonGums,4.4,16,0,,,WSW,43,WNW,WSW,19,20,78,70,,,,,8.5,12.8,No,Yes
31-05-2014,SalmonGums,4.5,15.7,0.2,,,NNE,20,N,N,4,11,71,59,,,,,12.6,14.6,No,No
19-04-2009,SydneyAirport,16,21.5,4.2,3.4,8.3,,,SSW,SSE,46,43,86,65,1019.6,1017.9,8,6,16.7,20.8,Yes,Yes
17-09-2014,Melbourne,8.9,16.7,3.2,1,6.1,SW,67,W,WSW,31,33,65,55,1013.7,1014.9,6,7,12.8,12.9,Yes,No
17-12-2008,AliceSprings,15.7,36.3,0,9.8,13.4,W,35,NE,W,9,9,18,11,1009.3,1004.9,0,0,29.2,36,No,No
03-09-2012,Launceston,5.6,15.3,1.4,,,NNW,31,NNW,NNW,2,22,99,64,1018.8,1016,,,6.2,14.6,Yes,Yes
15-09-2009,MountGambier,3.6,17.4,0.2,2.4,10.2,NNW,37,N,NNW,19,20,71,45,1020.2,1016.9,6,3,10.9,17.1,No,No
16-12-2009,SydneyAirport,21.9,29.1,0,9.2,10.6,NE,65,NNE,NE,22,41,70,60,1020.1,1015.5,4,2,24.6,27.9,No,Yes
02-10-2013,MountGambier,8.6,15.2,10,4.8,5.9,WNW,104,WNW,W,41,39,96,75,1000.3,1004.3,8,7,10.8,12.6,Yes,Yes
13-06-2013,Moree,13.2,17.2,15.6,4,5.4,NNW,30,NW,WNW,17,17,86,65,1012.8,1010.5,3,7,14.6,16.4,Yes,No
09-01-2011,Melbourne,18.1,22.7,0.6,8.4,0,SSW,39,S,SSW,20,22,71,63,1018.8,1017.5,,,18.7,22,No,No
14-05-2010,Cobar,4.1,19.8,0,2.8,10.3,SW,26,S,SSW,6,11,59,36,1021.4,1017.1,0,1,11.3,19,No,No
20-08-2016,BadgerysCreek,6.8,17.5,0.4,,,WNW,41,WSW,WSW,7,24,60,41,1015.5,1014.3,,,13.1,15.8,No,No
12-07-2011,AliceSprings,7.3,15.8,0,3.8,1.3,E,33,E,ESE,17,15,50,49,1024.9,1019.4,7,7,10.9,14.2,No,Yes
15-07-2012,NorahHead,9.4,17.8,0,,,WSW,30,NW,WNW,9,7,60,46,1017.4,1017.3,,,13.2,17.1,No,No
27-05-2011,BadgerysCreek,3.2,17.6,0,,,SW,28,WSW,S,6,7,80,47,1019.3,1017.9,,,9.9,16.6,No,No
17-12-2010,Richmond,16.1,25.9,,8.6,,WNW,26,,,0,0,83,74,1006.4,1003.9,,,19.1,22.4,,No
17-04-2012,Bendigo,11.1,25.1,0,,,NNE,31,SE,ENE,15,13,70,32,1025.5,1022.1,0,1,16.2,24.4,No,No
25-08-2014,MountGinini,-1.1,6.3,2.8,,,ESE,46,N,NE,6,6,51,58,,,,,2.5,4.5,Yes,Yes
25-03-2013,Hobart,10.3,21.7,2,5.4,10.7,NNW,35,NNW,ESE,17,20,54,44,1017.2,1016.3,,,15.5,19,Yes,No
04-01-2010,Moree,20.1,32.6,0,7.8,12.7,E,48,E,N,20,13,58,42,1015.1,1012.9,3,6,25.6,31.6,No,No
23-11-2011,Portland,10.1,17,1.4,3.4,11.2,SE,39,SSE,SSE,20,24,63,47,1024.1,1026,5,3,13.8,15.9,Yes,No
14-07-2011,Penrith,2.4,15.9,0,,,SW,35,SW,SSW,4,15,89,36,,,,,9,14.1,No,No
14-06-2010,Darwin,19.1,31.1,0,6.8,10.4,ESE,39,SE,ENE,22,17,41,39,1015.5,1013,4,3,22.4,29.5,No,No
30-10-2009,MelbourneAirport,16.6,27.7,0.4,6.2,0.2,N,65,N,NE,24,24,64,59,1019.9,1018.3,7,7,20.2,25.1,No,Yes
19-10-2009,Sydney,12.4,20.8,1,4.4,12.2,,,W,E,7,19,71,57,1027.1,1024.7,1,1,16.6,20.4,No,No
23-01-2015,Cobar,23.3,35.6,0,10.6,,W,39,NW,W,17,7,43,27,1007.3,1003.9,3,7,29.4,34.1,No,No
17-07-2010,PerthAirport,4.4,17.5,0,0.4,8.5,S,48,N,WSW,6,22,83,47,1026.3,1025.4,1,7,10.5,17,No,No
20-11-2014,Albury,11.8,34.6,0,,,WSW,56,SSE,NNW,6,22,57,13,1012.7,1006.2,5,7,18.7,33,No,No
28-08-2010,Richmond,1.4,17.9,0,,,ESE,28,,NE,0,11,61,31,1022.4,1021.8,,,11,17.5,No,No
26-06-2014,Adelaide,12.7,15.7,2,0.8,,NW,39,N,NNW,11,20,92,70,1022.2,1019.9,,,13,14.6,Yes,No
09-10-2013,Richmond,4.9,31.7,0,4.6,,WNW,35,,ENE,0,17,67,18,1019.3,1012.6,,,15.2,30.2,No,No
28-04-2016,PerthAirport,9.5,20.6,0.6,2.6,5.2,W,56,NE,W,11,28,88,67,1016,1013.5,4,4,14.6,19.3,No,Yes
17-01-2010,WaggaWagga,16.8,26.9,0,13,12.8,WSW,59,WSW,WSW,30,35,45,15,1007.2,1005.5,4,1,19,25.6,No,No
07-07-2016,Bendigo,9.4,12.2,15.2,,,SSE,33,SSE,ESE,13,13,95,81,1021.8,1019.9,8,8,9.4,12,Yes,Yes
27-04-2013,NorfolkIsland,16.9,22.1,0,4.2,9.9,ESE,26,SE,SE,11,15,65,60,1022.4,1021.1,1,3,20.8,21.5,No,No
02-08-2010,Walpole,9.1,20.7,0,,,WNW,43,NNW,NW,15,20,62,47,1029.4,1026.4,,,14.1,20.5,No,No
07-02-2014,Moree,18.2,33.7,0,8,12.9,NNE,35,NE,ESE,22,6,58,27,1015.6,1012.2,2,3,21.9,30.8,No,No
04-02-2012,Cobar,16.8,31,0,3.2,,SSW,22,E,SSW,11,9,69,38,1004.3,1001.8,1,5,22.4,29.4,No,No
01-12-2016,Launceston,12.5,23.9,0,,,NNW,33,SE,NW,9,7,72,66,,,8,4,18.7,22.7,No,No
14-07-2009,Bendigo,3.7,9.5,1.2,0.4,,NNW,22,NW,N,9,13,99,90,1005,1004.6,7,7,7.3,8.7,Yes,No
06-06-2015,Wollongong,11,18.6,,,,SW,20,WNW,SE,2,7,68,67,1027.7,1026.8,,1,16.2,18,,No
10-10-2015,Williamtown,9.9,25.8,0,,,SE,30,NE,SE,9,19,76,49,1029,1025.2,,,18.9,25.1,No,No
24-10-2015,Adelaide,12.5,33.1,0,,,NW,20,NNE,NNW,6,7,33,16,1018.9,1014.4,,,21.1,31.9,No,No
26-11-2009,Sydney,21.3,26.6,0,7.8,8.4,,,NE,NE,15,20,80,67,1017.5,1011.2,7,1,22.3,24.8,No,No
27-11-2012,Perth,15.4,25.5,0,7.6,9.7,WNW,52,WNW,NW,9,24,70,56,1003.8,1002.2,7,4,20.1,23.4,No,Yes
20-03-2016,Darwin,24.1,33.5,8,3.8,9.4,ESE,59,S,WNW,9,19,87,77,1009.8,1007.2,7,6,28,29.8,Yes,Yes
02-03-2016,Adelaide,18.1,34.8,0,,,S,28,,SW,0,9,36,24,1016.5,1015.5,,,24.9,32.8,No,No
10-01-2011,Walpole,15.3,25.7,0,,,ESE,61,ENE,ESE,19,30,62,64,1017.7,1014.9,,,21.6,23.5,No,No
18-12-2013,Darwin,25.8,32.9,1,5.2,5.5,,,SSE,ENE,6,11,91,56,1009.1,1006.6,7,7,27.3,32.9,No,Yes
07-01-2011,Melbourne,17.9,33.4,0,9.2,8.7,N,74,N,N,46,43,47,34,1009,1008.1,,,25.6,31.2,No,No
04-03-2015,PerthAirport,17.5,33,0,8,11.6,ESE,50,E,ESE,20,19,55,24,1022.2,1018.4,0,2,22.4,32,No,No
15-09-2011,Melbourne,5.7,17.8,0.6,2.8,6.5,WNW,41,WNW,WNW,11,20,66,49,1022.6,1019.4,1,,10.4,15.2,No,No
12-03-2017,Bendigo,19.4,27.4,0,,,WNW,41,SE,WNW,11,15,60,29,1001.4,1001.9,2,,20.1,26.5,No,No
22-07-2014,Bendigo,-2.8,14.6,0.2,,,N,15,,ESE,0,2,99,55,1026.2,1023.6,,,3.7,13.7,No,No
16-01-2015,Mildura,12.9,31.1,0,7.6,13.4,WSW,44,WSW,WNW,7,19,58,30,1012.2,1010,0,0,18.6,28.2,No,No
09-06-2015,NorfolkIsland,16.2,20.1,0,4.8,7.4,E,37,E,E,19,19,50,52,1027.7,1025.4,7,1,18.2,18.9,No,No
17-03-2010,BadgerysCreek,10,28.8,0,,,E,22,SW,SE,7,7,89,33,1026.5,1024.3,,,15.1,27.7,No,No
17-07-2016,Watsonia,0,16.8,0,1.8,8.1,NE,39,E,NE,7,17,100,39,1028.4,1024.5,1,3,3.5,16.4,No,No
03-10-2014,Sydney,12.8,21.1,0,5.8,6.3,ESE,31,W,E,6,17,63,58,1021.1,1019.6,4,7,19,19.1,No,No
27-06-2016,Hobart,6,13.4,0.2,1.6,7.5,WNW,50,NW,NW,9,26,76,47,1011.6,1010.1,1,1,7.9,11.9,No,No
24-09-2016,NorahHead,13.3,22.1,0,,,N,24,SSW,ESE,11,17,72,73,1012.4,1007.7,,,18.1,20,No,Yes
19-08-2011,Brisbane,6,21.4,0,4.6,10.8,W,33,WSW,WSW,9,11,42,33,1017.9,1014.6,1,2,16.1,21.1,No,No
28-11-2010,BadgerysCreek,16,22.5,0.2,,,N,28,NE,NNE,7,11,90,93,1011.1,1010.6,,,19.6,20,No,Yes
24-10-2009,Bendigo,3,24.5,0,4.4,,,,SSW,SW,7,19,47,33,1019.5,1017.2,1,4,17,23.6,No,No
08-06-2015,CoffsHarbour,10.8,22.2,0.2,,,NNW,28,NNW,N,17,13,65,54,1027,1023.4,,,17.3,21.7,No,No
24-05-2009,Launceston,13.6,17.9,0,,,SSW,46,N,N,13,13,68,66,1027.7,1025.3,,,16.5,17.2,No,No
05-09-2016,MelbourneAirport,10,18,0,2.6,7,N,24,N,WNW,9,11,70,54,1029.9,1027.8,5,7,13,16.8,No,No
19-05-2013,NorfolkIsland,16.4,22,0.8,3.4,6.4,WSW,43,NW,NW,17,20,72,68,1012.8,1009.8,2,5,20,20.1,No,Yes
22-07-2009,Portland,7.9,9.9,4.6,2.4,0.1,,,NNW,S,13,20,92,77,1002.9,1005,8,8,8.5,9.5,Yes,Yes
29-06-2008,Sydney,7.9,21,0,0.8,9.8,,,WNW,NNW,13,6,84,42,1024.1,1018.8,2,1,9.2,20.8,No,No
09-08-2013,Woomera,11.4,28.1,0,,,NNW,54,N,NW,28,30,27,15,1015.6,1012.4,,,15.1,27.9,No,Yes
21-01-2012,NorfolkIsland,19.8,25.1,0,5.8,9.4,E,39,ENE,E,24,22,74,72,1014.5,1013.8,4,6,22.9,23.9,No,No
08-11-2013,SalmonGums,2,23.2,0,,,SSE,39,ESE,ENE,11,20,49,28,,,,,17,22.3,No,No
19-06-2015,SalmonGums,10.2,16.6,9.4,,,NE,33,NNE,N,20,7,80,83,,,,,13,15.8,Yes,Yes
02-07-2015,Williamtown,6.2,15.1,0,3.6,,WNW,50,WNW,WNW,28,31,65,42,1021.2,1018,5,1,7.9,14.6,No,No
15-08-2010,Hobart,8,18.4,0,2.2,5.9,NW,50,NNW,NNW,11,22,77,48,993.7,991.1,7,7,9.9,15.5,No,No
29-03-2015,Nhil,6.1,25.3,0,,,SW,33,E,W,9,24,77,32,1023,1020.9,,,11.4,23.7,No,No
24-01-2013,Newcastle,19.5,27.5,0.8,,,,,SE,SE,9,19,83,57,,,7,6,22.4,26,No,No
21-09-2010,Darwin,23.4,35.3,0,8.8,11.4,ESE,50,ESE,NNW,33,26,38,46,1013.9,1009.3,1,1,27.4,31.9,No,No
16-12-2016,NorahHead,17.3,25.4,27,,,SE,33,SW,S,7,9,100,100,1012.8,1009.9,,,18.8,20.2,Yes,Yes
16-08-2015,Watsonia,1.6,16.9,0,1.4,6.5,NNW,35,ENE,NW,6,9,100,50,1027,1021.4,6,7,4.8,15.4,No,Yes
12-08-2012,Darwin,16,28.9,0,10,11.2,ESE,50,SE,SSE,22,24,19,8,1018.5,1013.7,0,0,19.3,27.7,No,No
16-07-2014,MountGambier,6.4,14.5,1.2,1,3.7,NW,74,N,N,17,30,97,79,1008.9,1004.8,6,7,8.8,12.7,Yes,Yes
23-11-2012,MountGinini,5.8,17.8,0,,,ESE,26,ESE,NNE,4,7,61,57,,,,,11.9,15.7,No,No
07-01-2009,Hobart,11.6,22.7,0,8,8.3,NNW,52,NNW,SE,22,24,46,58,1005.5,1004,5,5,16.1,17,No,No
22-03-2009,Sale,13.8,34.1,0,6.8,5.2,SSW,50,ESE,NNE,7,20,62,21,1010.2,1008.2,7,5,19.6,31.2,No,No
18-05-2009,Townsville,13.4,27.1,0,5.2,10.5,ENE,35,ENE,NE,4,26,54,51,1016.1,1012.1,2,2,22.9,25.8,No,No
26-04-2016,Sale,6.2,25.5,0,,,,,WNW,E,11,11,90,36,1028.9,1024.9,,,12.7,24,No,No
15-08-2015,AliceSprings,1.7,20.8,0,4.4,10.9,ESE,37,NE,ESE,2,20,46,20,1029.5,1025.7,0,0,11.6,20.1,No,No
28-11-2011,Mildura,16.3,34.7,0,6.6,9.2,NNW,37,NNE,NNW,15,19,43,16,1012.7,1009.5,7,7,23.7,33.1,No,No
04-03-2011,Albury,8.6,22.1,0,,,W,33,ENE,W,6,20,79,42,1014.3,1013.6,,,13.2,21,No,No
26-07-2011,MountGambier,3.9,13.3,1.8,0.8,1,SW,24,SW,WSW,9,11,90,56,1025.3,1025.5,6,7,7.7,11.6,Yes,No
27-02-2015,Wollongong,19.4,25.2,1.8,,,S,28,S,E,17,11,77,69,1011.3,1009.5,8,,22.6,24.5,Yes,No
22-06-2017,GoldCoast,13.7,22.5,0,,,SSE,39,SSW,SE,11,26,66,51,1025.6,1022.7,,,18.3,21.4,No,No
20-07-2010,Mildura,4.3,14.8,0.4,1.6,7,W,26,WNW,W,11,15,94,63,1026.2,1024.5,1,6,7,14.3,No,Yes
30-01-2012,NorahHead,20.8,28.2,2.2,,,NE,54,NNE,N,22,33,95,70,1003.5,1000.1,,,21.3,27.3,Yes,No
05-06-2011,Sale,2.1,15.4,0,1.8,9.3,NW,59,NNW,NW,17,43,57,36,1014.3,1009,1,1,9.4,14.2,No,Yes
18-05-2016,Cairns,22,28,0,5,,S,35,S,SE,17,26,75,68,1015.3,1012.5,,,25.2,28,No,No
27-01-2012,MountGinini,9.7,17.3,0.2,,,E,46,E,ENE,22,13,,82,,,,,,15.9,No,No
12-05-2009,BadgerysCreek,3.7,20.7,0.4,,,SE,28,SW,SE,2,19,98,61,1021.8,1018,,,10.9,17.3,No,No
01-12-2010,Tuggeranong,13.5,18.7,20.4,,,E,31,,E,0,15,89,74,1016.4,1014.7,,,15.8,18.2,Yes,Yes
26-10-2011,NorahHead,14.2,18.4,2.8,,,SSE,52,SSE,SSE,33,31,79,67,1021.6,1021.6,,,15.5,17.2,Yes,No
15-12-2014,Bendigo,14.6,34.3,0,,,NNW,43,SSE,NNW,13,19,50,17,1007.4,1003.2,,,21.8,33.6,No,No
21-03-2009,Brisbane,20.8,29.3,0.2,5.4,8.5,SSE,35,SSE,SE,13,20,68,48,1015,1012.1,6,2,25.4,27.9,No,No
04-01-2015,Adelaide,17.7,30.5,0,,,S,33,SSE,SE,13,13,51,33,1016.4,1014.8,,,21.6,28.9,No,No
05-02-2012,Launceston,14.5,28.8,0,,,NNW,61,SE,WNW,6,15,78,64,997.6,992.9,,,19.1,23.4,No,Yes
06-06-2013,BadgerysCreek,8.1,16.4,0,,,N,11,,SW,0,6,100,80,1023.2,1020.1,,,10.9,15,No,No
14-06-2016,Woomera,7.6,22.3,0,3.2,,NE,37,E,ENE,17,20,65,41,1030.4,1027.3,6,,12.7,21.8,No,No
06-02-2015,Dartmoor,12.9,37.9,0,6.2,12.8,NNW,39,ENE,NNW,13,20,88,18,1022.5,1018.5,,,18.4,35.9,No,No
19-10-2009,Melbourne,10.6,21.5,0,3.4,10.7,E,30,ENE,S,6,4,61,44,1027.3,1023.5,7,1,13.6,20.6,No,No
08-02-2014,Witchcliffe,14.9,22.1,0,,,SSE,56,SSE,SSE,26,33,46,42,1018.1,1017.2,,,18.8,20.2,No,No
19-10-2015,Cairns,18,28.4,3.8,6,9.3,ESE,35,SE,SE,9,28,89,53,1019.3,1015.6,7,4,21.3,26.9,Yes,Yes
12-05-2017,Woomera,9,23.7,0,3.6,,NNE,35,ESE,NNE,15,15,47,20,1023,1018.8,4,,14.1,23.3,No,No
22-05-2009,Moree,12.5,23.5,7.4,1.4,5.7,ESE,44,ESE,ESE,31,2,64,48,1011.5,1009.8,6,7,17.1,22,Yes,No
28-10-2014,Sale,9.8,18.7,14.2,,,WNW,89,W,W,52,50,52,67,1007.6,1009.4,3,6,15.7,15.6,Yes,No
13-07-2016,NorfolkIsland,13.3,20.6,0,3.4,,NNE,33,N,NW,13,13,66,65,1022.3,1019.4,7,8,19,19.5,No,Yes
21-04-2014,Richmond,7.6,22.5,0,11.6,,N,17,,ENE,0,4,74,42,1021.6,1018.6,,,13.9,21.9,No,No
09-05-2016,CoffsHarbour,20.2,27.8,0,,,N,48,NNW,NNE,28,28,66,73,1013.6,1009.2,6,4,23.2,24.6,No,No
19-09-2015,Uluru,9.2,29.4,0,,,E,28,E,NNE,20,7,21,10,1021,1015.8,,,19.5,27.6,No,No
18-06-2011,GoldCoast,10.1,21.1,0,,,W,28,W,W,20,17,42,28,1012.4,1010,,,15.8,20.5,No,No
23-10-2012,SydneyAirport,11.5,19.2,1.6,2,10.1,SSW,57,SE,SE,30,20,43,44,1027.6,1026.6,6,3,16.8,17.8,Yes,No
29-04-2016,Perth,13,21.4,1.2,1.8,5,WSW,41,WNW,W,13,17,82,49,1016.2,1014.5,7,5,17.1,20.3,Yes,Yes
08-01-2014,Uluru,17.2,36.3,0,,,E,46,ENE,S,24,26,14,7,1012.8,1007.6,,,26.4,35.5,No,No
02-05-2016,Canberra,4.6,16.1,0,,,NW,44,NNW,NW,19,31,60,41,1017.9,1014.3,,,10.4,14.8,No,No
09-06-2010,PerthAirport,7.8,17.7,0,3,9.1,E,52,ENE,E,19,19,57,33,1031,1026.9,0,0,10.9,17.5,No,No
29-10-2014,MountGinini,2.1,16.5,0,,,WSW,63,SW,SW,20,15,60,41,,,,,6.9,15.9,No,No
12-07-2011,Sydney,6.9,18.9,0,3.2,9.4,WSW,48,W,WNW,19,11,56,31,1022.2,1017.9,,,9.5,18.5,No,No
22-03-2017,Uluru,23.1,39.9,0,,,ENE,37,E,WNW,22,13,33,16,1012.3,1007.7,,,28.1,37.8,No,No
08-08-2012,CoffsHarbour,3.1,20.3,0,2.4,10.2,NNE,28,NNW,NE,6,15,54,42,1023.5,1018.6,0,0,14,19.8,No,No
13-10-2016,Moree,6.8,23,0,,,ESE,35,SSW,SSE,20,7,63,35,1017.1,1014.9,,1,14,21.8,No,No
30-03-2010,Witchcliffe,7.1,29.1,0,,,NW,46,N,NW,20,20,47,39,1016.7,1014.3,,,21.7,26.1,No,No
02-04-2014,Darwin,25.8,33.2,4.4,5.6,8.9,NNE,33,NE,NNW,7,20,77,69,1009.7,1006.5,7,6,29.7,31.5,Yes,No
13-05-2009,BadgerysCreek,3.4,21,0,,,WSW,33,,W,0,19,99,37,1017,1012.9,,,11.2,20.6,No,No
25-10-2014,PerthAirport,11.6,22.2,0,6,5.3,W,37,WSW,W,24,22,54,55,1017.8,1017.7,7,7,20.1,21.3,No,No
09-03-2009,Darwin,26.6,33.5,0,7,9.3,NW,35,SW,WNW,15,30,73,60,1009.4,1006.3,2,1,29.5,32.3,No,No
28-05-2012,SalmonGums,-0.6,18.5,0.2,,,NNE,31,ENE,NE,6,7,77,41,,,,,12.8,18,No,No
15-04-2012,Wollongong,15.8,23.1,0,,,WSW,15,SSW,ENE,7,7,64,61,1024.9,1022.3,,,21.3,22.2,No,No
31-12-2011,Brisbane,18.8,25.9,0.2,6.2,5.5,SE,33,SSE,SSE,11,13,58,59,1016.5,1014.7,6,7,25.1,24.5,No,Yes
08-11-2013,BadgerysCreek,13.3,38.1,0,,,SW,63,N,NNE,4,11,46,16,1011.1,1004.8,,,23.6,36.5,No,No
03-02-2015,Mildura,13.2,31.3,0,10.4,13.1,SSE,39,SSE,SSW,22,15,62,26,1021.1,1018.2,0,1,16.3,28,No,No
31-07-2016,PerthAirport,12.3,15.8,5.6,2.6,5.7,SW,80,W,SW,33,31,80,60,1018.8,1023.3,7,3,12.3,13.2,Yes,No
14-09-2013,NorahHead,12.8,23,4.4,,,NNE,57,NNW,S,19,33,81,81,1011.3,1009,,,16.2,18.1,Yes,No
05-09-2011,Sydney,14.2,22.5,0,5.6,6.1,NNE,37,SE,NE,4,13,56,62,1026.2,1023.2,,,18,20.1,No,No
01-10-2015,Wollongong,13.9,21,2.4,,,NE,46,NE,NE,20,35,78,80,1026,1022.5,8,,20,20.5,Yes,No
11-12-2011,Launceston,16.4,23.1,10,,,SSW,31,NW,SE,9,17,89,40,1000.2,1000.2,,,18.9,21.3,Yes,No
01-12-2010,Moree,18.2,26.1,8.2,2.2,5,NE,39,ENE,NNE,15,15,89,63,1012.6,1010,7,6,19.8,25.2,Yes,Yes
27-06-2013,NorahHead,16.3,19.2,0,,,E,41,ESE,ESE,30,24,73,69,1021.9,1020.1,,,17.7,17.6,No,Yes
01-12-2009,Sale,12,19.1,0.2,4,8.9,SE,46,SE,SE,19,28,55,56,1022.3,1021.9,7,6,15.9,17.6,No,No
02-01-2011,Nuriootpa,12.3,25,0,4,12.8,SSE,50,ESE,SSE,22,17,67,33,1016.4,1014.7,1,0,15.2,24.5,No,No
05-12-2009,SalmonGums,11.4,36.8,0,,,N,43,NNE,NNW,20,20,30,15,,,,,25.1,34.1,No,No
23-04-2014,Moree,15.2,30.2,0,6.2,10.4,N,39,NNE,NNW,17,19,55,24,1019.4,1014.3,1,3,21.6,29.3,No,No
29-01-2015,Portland,11.1,20.7,0,6.8,13.8,SE,46,SE,SE,17,24,74,59,1022.3,1021,8,1,16,19.3,No,No
03-09-2015,Moree,10.3,18,2,5,,WNW,61,NW,WNW,26,31,51,63,1012.6,1012.2,3,4,15.6,15.5,Yes,Yes
04-07-2014,Williamtown,2,20.9,0,,,WNW,56,NW,WNW,13,22,77,28,1022.9,1017.8,,,9.1,20.3,No,No
01-09-2011,Launceston,1.5,16.7,0.2,,,ESE,35,,SE,0,22,100,45,1023.1,1024.6,,,4.5,15.3,No,No
03-09-2010,NorahHead,14.7,17.7,2.2,,,NE,56,ESE,ESE,24,26,71,67,1025.5,1023.1,,,16.4,17.2,Yes,Yes
01-11-2015,Canberra,8.9,25.3,2.2,,,W,57,NW,NNW,9,13,78,60,1015.7,1010.7,,8,18.1,20.8,Yes,Yes
09-10-2011,Tuggeranong,7.9,17.1,0,,,NW,44,NNW,WNW,13,30,71,52,1007.7,1006,,,13.7,15.8,No,No
19-06-2013,Canberra,2.4,12.1,3.4,,,S,44,S,SSE,22,17,64,45,1024.8,1023.6,,1,7.8,11,Yes,No
12-09-2015,Launceston,5.9,19.2,0,,,NW,31,N,NW,6,19,86,66,,,,,12.8,18.1,No,No
13-01-2015,Sydney,18.9,28.8,4.8,5.4,7.5,NNE,43,WSW,ENE,6,20,94,77,1010.2,1005.6,6,5,21.2,24.5,Yes,No
23-10-2014,Penrith,12.7,32.9,0,,,N,69,N,S,4,6,75,29,,,,,18.4,31.6,No,Yes
09-01-2016,MountGambier,9.4,25.6,0,6.8,11.8,S,39,SE,S,17,24,61,39,1022,1020.3,2,2,18.2,23.4,No,No
24-03-2010,CoffsHarbour,16,26.7,0,2.6,10.6,ESE,22,WSW,E,7,15,75,65,1020.2,1019.2,1,2,22.1,26.2,No,No
12-03-2017,Watsonia,17.6,31.5,0.2,4.2,7.2,NNE,44,E,SW,6,9,89,32,1001,999.8,4,2,18.2,31,No,No
26-07-2015,NorfolkIsland,17.2,19.3,2.2,2.2,2.1,N,52,NW,SSW,17,15,92,84,1021.9,1019.9,8,6,18,18.6,Yes,Yes
02-10-2014,Canberra,-2,20,0,,,NNW,46,NW,NNW,9,28,63,44,1021.9,1017.1,,,9.6,19.2,No,No
24-10-2013,Sydney,16.4,25.9,0,12.4,12.5,W,70,WSW,WSW,20,31,41,18,1011.7,1012.9,1,1,20.2,23.7,No,No
03-03-2015,Witchcliffe,9.7,24.2,0,,,SSE,50,ESE,SE,19,28,59,51,1023.9,1021.4,,,18.2,21.5,No,No
02-10-2015,Tuggeranong,2.4,24.8,0,,,NW,24,NW,N,4,15,58,32,1034.3,1030.4,,,14.5,24.2,No,No
03-09-2010,Wollongong,11.6,16.9,8,,,S,43,WNW,W,4,6,88,88,1026.7,1024.2,8,7,12.6,13.9,Yes,Yes
25-11-2011,Witchcliffe,15.7,23.8,0,,,SSW,31,W,SSW,11,17,56,55,1015.6,1016,,,22,22,No,No
13-10-2014,Canberra,13.7,21.1,4.8,,,N,44,SSE,N,7,26,89,89,1007.5,1004.5,8,8,15.8,15.7,Yes,Yes
28-12-2013,Brisbane,22,29.8,0,7.8,4.1,ENE,26,ENE,ENE,6,9,59,61,1011.7,1008.5,7,3,27,28.5,No,No
14-10-2009,Ballarat,5.2,13.1,6.2,,,WSW,54,W,WSW,26,35,97,67,1001.1,1003.5,7,8,7.9,12.2,Yes,Yes
10-09-2010,MelbourneAirport,6.8,14.8,1.6,3.6,5.4,SW,52,WNW,SW,26,37,58,90,1002.2,1006.5,7,7,12.4,10.4,Yes,Yes
29-04-2014,PearceRAAF,6.1,20.6,0,,7.7,SSW,28,N,S,6,13,65,51,1026.5,1024.2,,6,14.7,19,No,No
05-03-2011,Nuriootpa,9.9,23.4,0,2.8,11.5,SE,44,E,ESE,22,17,67,35,1020.8,1018.5,1,0,12.6,22.1,No,No
17-07-2012,Launceston,7,14.3,6.4,,,NNW,50,NNW,NNW,28,28,82,72,1015,1011.4,,,12.8,13.5,Yes,Yes
25-04-2014,Newcastle,11,21.2,11.8,,,,,,NE,0,9,94,65,,,8,6,15.5,20.4,Yes,Yes
30-03-2016,Newcastle,18.9,28.2,8,,,,,NW,,9,,68,,,,5,,19,,Yes,No
19-01-2009,Newcastle,15.4,28.6,0,,,,,NE,SE,4,19,66,48,,,5,6,20.6,26.8,No,No
11-06-2013,PerthAirport,7,18.3,0,2.4,9.1,NE,50,ENE,ENE,17,20,68,40,1026.9,1022.4,0,1,11.1,17.9,No,No
11-06-2012,Wollongong,11.3,16.5,50.4,,,SE,54,SSW,SE,28,24,91,89,1023.7,1021.7,8,8,12.8,14.5,Yes,Yes
11-08-2013,Sale,1.2,17.4,0,3.6,7.5,WNW,39,NNE,NW,7,28,71,43,1015.2,1011.2,2,3,9.3,16.3,No,No
21-07-2013,Canberra,1.6,8.7,9.4,,,NNW,46,N,WNW,28,28,84,58,1015.5,1014.8,7,3,3.7,6.8,Yes,No
27-11-2013,Bendigo,11.4,33.3,0,5.9,,N,31,NE,N,11,20,41,15,1015.2,1011.1,,,22.9,32.2,No,No
24-12-2014,Wollongong,19.8,20.6,3,,,S,54,SSW,S,33,35,88,79,1014.5,1014.7,7,8,20.3,19.5,Yes,No
20-09-2010,Launceston,5.4,19.4,0,,,NW,33,NNW,NW,13,20,75,62,1019.3,1017.4,,,12.8,17.2,No,No
05-07-2015,CoffsHarbour,7,19.5,0,,,ENE,19,NNW,ENE,4,11,73,51,1022.2,1019.4,,,14.2,18.5,No,No
20-11-2013,Penrith,14.3,30.6,0,,,SE,28,E,ESE,4,4,84,35,,,,,20.2,29.8,No,No
21-04-2015,Witchcliffe,8.5,25.1,0,,,SSE,30,N,SW,7,13,99,55,1023.1,1020.4,,,17.6,23.7,No,No
24-08-2011,Townsville,11.5,27.3,0,4,11.3,SSW,37,SSW,ENE,24,30,46,57,1020.8,1017.2,1,3,22,24,No,No
15-11-2016,Tuggeranong,6.1,21.5,1.2,,,NW,24,SW,WNW,7,11,58,50,1014.7,1013.4,,,12.5,20.7,Yes,No
24-09-2015,Albany,13.2,29.6,0,6.4,8.3,,,NNE,,30,,52,,1019.7,1015.5,6,,21.5,,No,No
11-08-2014,Richmond,-0.2,15.3,0,,,SE,35,,SE,0,7,75,36,1026,1024.7,8,8,6.9,14.3,No,No
23-01-2014,Perth,22.7,36.2,0,12,13.1,SE,54,SSE,SE,11,22,52,29,1007.8,1006,1,3,28.2,35.9,No,No
10-09-2009,Darwin,23.5,32.3,9.2,7.4,10.5,WNW,24,N,NW,9,15,68,50,1014.7,1010.4,5,2,28.1,31,Yes,No
19-10-2015,PearceRAAF,10,22.9,2.4,,10.2,S,35,S,SW,15,22,67,44,1022.9,1020.5,8,2,16.9,21.2,Yes,No
28-10-2015,WaggaWagga,6.3,24.4,0,9,12.5,ENE,39,ENE,NNE,26,11,48,24,1024.3,1019.4,1,6,15,23.1,No,No
04-09-2012,Albany,6.5,13.2,20.6,5.2,2.6,,,NW,WSW,13,11,85,87,997.4,997.4,7,7,8.4,10,Yes,Yes
20-12-2008,Canberra,7.2,21.2,0,8.4,12.6,E,35,S,SE,11,9,53,34,1018.5,1017,1,6,13.3,19.3,No,No
07-08-2009,Richmond,2.3,24.2,0,2,,WSW,69,N,WNW,19,24,56,26,1015.8,1009.5,,,13.1,23.3,No,No
23-07-2016,SalmonGums,0.9,14.3,0.8,,,WSW,50,NW,WSW,15,26,72,63,,,,,7.8,12.1,No,No
27-12-2014,Witchcliffe,13.3,27,0,,,SSE,46,SSE,S,15,26,53,52,1019.3,1017.4,,,22.3,23.1,No,No
24-04-2015,Moree,14.2,26.6,0,,,NW,37,NNE,W,11,24,70,27,1010.9,1007.7,3,,18.9,26.1,No,No
27-03-2014,Melbourne,17.1,25.4,4.4,4.8,3,N,39,NNE,N,4,22,93,54,1017.4,1013.6,8,7,17.8,25.3,Yes,Yes
12-01-2010,Adelaide,20.7,22.9,5,11.2,1.6,SW,35,SW,S,15,15,95,60,1008.3,1011.6,,,20.9,21.4,Yes,Yes
25-09-2009,MountGinini,0.5,10.7,0,,,WNW,113,WNW,NW,30,26,83,63,,,,,4.8,8.6,No,Yes
19-03-2012,Melbourne,13,28.2,3,5.2,11.5,NNE,41,NNE,NNE,17,19,75,35,1024.1,1019.9,0,1,15.9,26.2,Yes,No
25-12-2007,Canberra,11.3,21.7,3.4,8.2,5.6,E,41,SE,NE,11,11,67,52,1020.4,1019.1,8,3,12.4,21,Yes,No
04-02-2010,Townsville,26.5,33.3,0,7.6,11.3,NE,26,ENE,NNE,7,13,77,69,1007.4,1004.9,4,5,30.4,32.8,No,No
09-06-2015,Williamtown,5.5,23,0,2.6,7.8,WNW,63,NW,WNW,24,35,72,33,1021.9,1020,6,2,14.1,22.4,No,Yes
26-06-2009,BadgerysCreek,4,18.3,0,,,N,19,NNE,ESE,7,2,90,48,1012.8,1009.1,,,10,16.7,No,No
04-08-2009,Sale,3,16.2,0.6,3.2,6.3,NW,56,N,NW,13,35,55,47,1016.8,1014.7,1,6,10.8,14.7,No,Yes
31-03-2009,NorfolkIsland,21.4,25.3,0.2,6,10.1,E,57,E,ESE,35,31,60,66,1017.2,1015.8,2,4,23.5,23.6,No,No
16-07-2013,SalmonGums,9,19.3,0,,,WNW,54,NNW,N,11,13,80,70,,,,,13.4,17.5,No,Yes
06-08-2011,Richmond,4.1,23.8,0,,,N,35,,N,0,22,77,38,1021.6,1016.2,,,10.8,22.2,No,No
21-03-2009,Albury,13.8,33.6,0,,,NNW,28,,NNE,0,11,47,17,1017,1013.1,,2,18.8,33.5,No,No
11-04-2016,NorahHead,16.6,25,0,,,SSE,39,W,SSE,4,28,58,58,1017.7,1016.2,,,20.7,22.5,No,Yes
28-07-2014,Watsonia,8.4,16.6,0,3,9.6,NNW,52,N,NNW,22,20,59,55,1016.1,1012.6,1,1,12.6,15.9,No,No
19-04-2010,Melbourne,16.1,27.6,0,6,6.6,N,46,N,N,17,28,66,37,1023.8,1020.6,6,7,17.5,27.3,No,No
07-03-2012,Darwin,23.8,32.2,28.8,5.8,9.3,SE,72,SSE,WNW,7,19,79,66,1006.6,1003.1,6,7,28.2,31,Yes,Yes
21-04-2017,NorfolkIsland,17.5,23.2,0.2,,,E,52,E,ESE,22,24,59,58,1022.4,1020.2,4,2,21.2,22,No,Yes
24-08-2016,Penrith,10.8,12.6,0.4,,,WSW,44,SW,SSW,6,15,92,98,,,,,11.9,11.9,No,Yes
12-06-2009,CoffsHarbour,3.4,18.1,0,1.8,9.5,,,SW,SE,17,13,55,49,1023.2,1020.2,1,1,13.1,17.6,No,No
20-08-2012,MountGambier,6.8,15.4,0.6,1,5.3,N,41,N,N,17,24,92,64,1018.8,1014.7,7,7,9.5,14.1,No,Yes
12-01-2010,PearceRAAF,13.1,31.5,0,,13.2,SSW,43,ENE,S,22,11,38,19,1018.5,1013.7,0,0,21.7,30.1,No,No
04-01-2014,Witchcliffe,7.2,22.9,0,,,SSE,39,SSW,S,13,20,52,49,1020.5,1018.9,,,19.1,20,No,No
24-02-2017,SalmonGums,10.9,28.6,0,,,NE,31,NE,ENE,15,17,67,37,,,,,20.1,27.9,No,No
25-09-2012,Sale,3.5,15.5,0.6,3.4,8.7,W,26,WNW,SSE,19,17,68,54,1023.2,1020.3,8,8,12.2,14.2,No,No
31-12-2013,CoffsHarbour,17.2,26.7,0,4.6,10.2,NE,33,ESE,E,9,19,61,61,1012.6,1010.9,5,3,24.2,25.4,No,No
29-04-2009,Cairns,22.1,30.2,0,8,10.6,SE,48,SSE,ESE,20,30,64,52,1015.6,1012,5,1,26.3,29.1,No,No
22-05-2015,MountGambier,8.5,12.1,0.6,1.2,0.7,SSE,28,SSE,SSE,11,17,77,67,1032,1032.1,7,8,11.1,11.5,No,No
07-06-2013,PerthAirport,6.7,21.5,0,1,8.4,NNE,31,NNW,NE,7,9,77,36,1025.6,1021.1,2,7,13.4,21.3,No,No
13-05-2015,Newcastle,10.8,18.7,0,,,,,NW,NW,4,28,52,31,,,7,6,15.5,17.5,No,No
06-06-2017,SalmonGums,3.8,20.7,0.2,,,N,35,N,N,15,11,72,28,,,,,13.4,19.7,No,No
11-12-2010,Newcastle,17.7,26.4,0.2,,,,,,SE,0,7,68,50,,,3,5,22.5,25.2,No,No
26-04-2013,Launceston,10.2,20.7,0.2,,,N,46,NNW,NW,19,19,76,52,1011.3,1010.7,,,15.7,18.9,No,No
20-03-2017,Nuriootpa,21.2,33.5,0,7.8,8.3,SE,52,ESE,ENE,11,9,100,33,1012,1009.5,1,,25.9,31.8,No,No
15-03-2012,Albany,16.9,20.9,0,4,9.6,,,SE,ESE,19,19,62,55,1020.1,1018.5,6,2,18.1,19.8,No,No
16-03-2009,PerthAirport,15.9,32.2,0,5.4,10.8,WNW,33,NNE,W,11,19,46,39,1012.4,1011.3,0,1,23.1,30.5,No,No
06-12-2016,Brisbane,23.2,33.8,5.4,10,6.6,ENE,28,NNE,ENE,9,11,69,56,1016.4,1009.1,6,6,27.5,31.6,Yes,Yes
11-05-2011,Melbourne,6.9,12.2,4.2,2,7,WSW,59,W,W,28,30,71,76,1010.5,1009.1,7,7,8.4,9.9,Yes,Yes
10-06-2013,Nhil,5.9,19.2,0,,,N,33,N,NNW,13,22,77,50,1018.8,1015.9,,,7.7,18.1,No,No
15-05-2014,Tuggeranong,-0.9,18.6,0,,,N,24,WSW,N,6,13,86,52,1029.5,1026.1,,,6.3,17.7,No,No
19-04-2015,MountGinini,1.5,6.3,6.6,,,WSW,48,W,SSE,13,13,98,97,,,,,4.9,1.8,Yes,Yes
16-01-2015,BadgerysCreek,19.2,32.5,0,,,SW,20,NNW,SE,4,4,72,32,1008.6,1005.1,,,23.3,30.1,No,No
24-03-2013,MountGambier,14.9,21.6,2.8,2.6,4.9,WNW,56,NW,W,24,31,87,60,1011.6,1013.7,7,7,17.1,19.2,Yes,No
29-08-2014,Uluru,4.5,26.1,0,,,NE,31,E,NNE,17,9,33,14,1024.8,1019.9,,,16.2,25,No,No
13-06-2016,Hobart,8.6,15.3,0,1.8,0.6,NNW,54,NNW,NNW,24,15,62,57,1027.3,1025.5,7,7,11.7,14.8,No,No
10-11-2010,PerthAirport,16.3,25,0,6,1.8,S,50,ESE,SSW,11,24,53,92,1015.9,1014,7,8,24.4,18.4,No,Yes
13-09-2009,Brisbane,12,25.3,0,5,11.1,ENE,28,SSW,ENE,6,13,62,47,1026.5,1022.5,1,1,19.9,24,No,No
08-11-2010,Richmond,13,31.5,0.2,7.2,,S,52,NE,WSW,7,11,81,43,1017.2,1013.8,,,19.7,28.6,No,Yes
24-06-2010,Perth,2.4,15.1,3.8,0.8,9,SE,19,SE,S,4,9,86,44,1029.3,1026.9,1,1,7.9,14.6,Yes,No
10-11-2015,Adelaide,19.1,26,0.2,,,SE,46,WSW,SSE,7,9,51,47,1016.9,1016.5,,,22.6,24.4,No,No
25-10-2015,Bendigo,10.5,32.9,0,,,NNW,56,E,N,7,30,49,14,1018.2,1012.1,7,,18.1,31.5,No,No
26-09-2009,Launceston,6,15.6,4.8,,,NW,43,SSE,NW,9,22,61,57,992.4,990.5,,,11.9,13,Yes,No
21-08-2011,Adelaide,8.4,21.3,0,,8.4,N,31,N,N,9,9,61,47,1033.4,1031.3,,,16.5,19.7,No,No
11-10-2014,MountGambier,9.6,19.7,0,7,8,W,33,WSW,SW,15,19,65,50,1017.5,1014.2,8,3,13.2,18.8,No,No
19-01-2010,Wollongong,12.8,23.1,0,,,NNE,31,SSW,ENE,20,15,33,46,1009.7,1007.8,,,18.5,22,No,No
02-02-2015,SalmonGums,15.5,32.9,0,,,E,39,E,NNE,26,9,50,16,,,,,22.6,31.4,No,No
02-08-2013,Sydney,9.1,20.3,0,2.2,6.8,W,31,W,W,15,19,83,31,1018,1012.7,7,3,10.9,19.7,No,No
11-10-2011,Dartmoor,8.5,14.5,1.6,1,3.3,SW,37,WNW,SW,7,15,94,73,1015,1016.3,,,10.5,12.6,Yes,No
29-10-2015,Tuggeranong,5.2,24.9,0,,,NNE,46,NW,ESE,6,7,69,27,1023.1,1019.7,,,14.6,23.4,No,No
14-09-2008,Hobart,12.8,20,0,5.4,9.3,NNW,87,NNW,NW,43,31,44,46,986.3,989.3,7,,19.5,14.9,No,No
21-09-2009,SalmonGums,9.9,14.2,0.8,,,W,65,WNW,WNW,26,19,65,88,,,,,11.7,8.5,No,Yes
25-06-2010,AliceSprings,6,21.1,0,3.6,10.2,SSE,31,SW,SE,13,17,57,36,1021.1,1018.9,0,0,12.9,20.7,No,No
12-12-2016,Albany,15.5,18.8,6.6,22,,,,SE,,15,,85,,1012.1,1014.6,8,,17.4,,Yes,No
15-06-2013,Watsonia,6.9,13.7,0.2,1.2,2,SE,30,SW,SE,2,7,93,75,1020.5,1020.9,7,7,8.3,11.5,No,No
24-11-2015,MountGambier,11.4,22.2,0,3.6,8.7,WNW,50,WNW,WNW,19,31,58,39,1016.8,1013.6,7,3,15.6,20.6,No,No
20-04-2017,BadgerysCreek,12.4,24.7,0,,,N,24,,NE,0,13,82,57,1030.5,1027,,,19.2,23.1,No,No
11-06-2013,Brisbane,15.8,23.1,29.2,6,3.7,ENE,9,SSW,,2,0,86,71,1020.4,1017.3,7,5,18.4,22.2,Yes,No
14-05-2010,Witchcliffe,8,16.9,0.6,,,S,37,S,SSE,13,20,56,49,1021.6,1020.7,,,14.5,15.1,No,No
26-05-2016,NorahHead,13.4,19.8,1.8,,,N,46,NNE,NW,20,13,79,55,1007.8,1001.7,,,14,19,Yes,No
01-05-2010,PerthAirport,11.3,22,0.6,3.4,3.6,S,28,SSE,S,15,13,94,51,1026.9,1025.1,7,3,16.6,21.6,No,No
11-07-2011,MountGambier,7.4,11.7,2,1.4,0.2,SW,39,WSW,W,15,22,68,69,1026.3,1025.8,7,8,10,11,Yes,No
08-07-2010,SalmonGums,6.6,20.2,,,,N,54,N,N,26,26,50,36,,,,,11.3,19.5,,Yes
30-04-2009,SalmonGums,11.6,21.1,0,,,S,35,SSE,S,19,24,82,50,,,,,15.6,18.5,No,No
08-06-2014,Moree,4.7,21.3,0,,,S,30,ENE,SSW,13,20,71,36,1024.2,1021.7,,2,13.4,20.9,No,No
29-06-2009,Richmond,3.1,21.1,0,3.2,,WNW,31,ENE,WNW,2,15,78,41,1012.4,1010.1,,,10.7,20.9,No,No
20-12-2011,Brisbane,19.1,29.1,0,7,12.2,NNE,26,NW,NNE,6,9,54,51,1013.2,1011.4,6,4,26,27.3,No,No
23-03-2017,Richmond,20.7,23.4,12,2.6,,SSW,26,S,S,9,7,82,74,1018.6,1017.2,7,7,21.5,22.7,Yes,Yes
19-04-2017,Uluru,17.7,26.9,12.6,,,S,35,E,SSW,15,20,93,59,1018.1,1014.7,7,8,19,26,Yes,Yes
21-07-2014,Dartmoor,1.1,12.8,0,1.6,4.6,N,20,,N,0,6,100,79,1025.8,1023.2,,,3.4,12.5,No,No
08-03-2009,Ballarat,7.3,18.8,0,,,SE,54,SSE,SSE,31,31,71,56,1019.4,1018.8,6,,11.1,16.5,No,No
26-10-2014,SydneyAirport,18,30.9,0.8,5,11.2,S,50,NW,S,13,33,69,79,1010.1,1008.4,0,5,23.4,21.1,No,No
07-11-2012,Canberra,16.1,19.3,9,1,0,NW,37,NNW,NNW,22,17,92,91,1013,1009.6,8,8,17,18.2,Yes,Yes
30-06-2011,Woomera,11.1,22.8,0,3.8,8.6,,,NE,N,22,24,58,31,,1024.1,7,5,15.2,22.4,No,No
18-03-2015,MountGambier,15.7,24.8,1.2,3.6,6.1,W,41,WNW,W,15,28,93,47,1004.4,1005.2,7,6,16.7,22.9,Yes,No
21-06-2009,MountGambier,3.9,16.4,0.4,2.6,8.2,N,22,NE,NE,13,15,90,59,1018,1015.5,0,1,7.2,16.2,No,No
20-08-2015,Townsville,12.6,26.9,0,5.6,10.5,E,43,ESE,ENE,19,33,55,52,1022.1,1019,1,1,22.4,24.4,No,No
16-07-2010,Albury,0.6,13.1,0,,,ENE,48,NNE,NNW,2,2,99,56,1028.7,1026.3,8,2,2.9,13,No,No
13-06-2015,Witchcliffe,8.6,15.8,0.8,,,SE,31,,SE,0,19,99,90,1024.2,1022.7,,,11.2,13.1,No,No
31-01-2014,MelbourneAirport,16.3,28.1,0,7.2,10.8,S,35,S,S,13,19,76,51,1014.3,1013,7,0,19.8,26.5,No,No
27-04-2009,MountGambier,6.2,11.7,10.8,1.8,0.8,WNW,31,NNW,SSW,13,22,90,96,1011.4,1011.9,8,8,9.2,10.2,Yes,Yes
14-05-2011,Darwin,16,29.9,0,6.4,11.2,ESE,44,ESE,E,24,15,52,40,1014.9,1010.9,6,5,22.9,29.5,No,No
23-07-2009,Walpole,8,13.5,14.4,,,SSW,28,WNW,SW,7,11,89,60,1017.3,1018.4,,,9.6,12.2,Yes,No
23-09-2014,MelbourneAirport,7.6,25,0,6,11.2,N,39,NNE,N,28,24,41,25,1027.3,1022.7,1,1,18.3,24.3,No,No
14-12-2014,Williamtown,12.3,24.7,,,,ESE,37,SSE,ESE,7,28,64,47,1014.3,1010.9,,,20.9,23.6,,Yes
05-03-2010,Bendigo,17,20.9,2,4,,ENE,31,E,ENE,9,13,91,97,1006.6,1004.2,8,8,19,20.4,Yes,Yes
10-08-2015,BadgerysCreek,1.2,20.2,0,,,WNW,26,NNE,NNW,2,11,100,38,,,,,8.7,19.9,No,No
28-07-2014,Dartmoor,8.6,16.6,0,1.8,7,NW,50,N,NW,15,30,100,77,1014.2,1011.4,,,10.8,15.7,No,Yes
26-06-2010,Cobar,9.9,13.6,8.6,2.8,7,SSW,33,SSW,S,11,13,87,51,1023.2,1022.1,8,2,10,13.5,Yes,No
24-10-2009,Mildura,15.2,32.8,0,7.6,8.8,SW,39,ENE,W,13,11,32,17,1019.3,1016,7,4,19.9,31.5,No,No
01-02-2011,MountGambier,18.4,24.6,0,6.6,8.7,S,48,SSW,S,17,30,73,73,1004.3,1010.1,1,7,22,19,No,No
31-03-2009,Hobart,11.5,17,4.4,0.8,,E,30,N,NE,2,13,86,72,1033.3,1030.6,8,8,12.6,16,Yes,No
09-02-2017,Cobar,26.8,40.4,0,,,NNE,41,NE,ENE,20,9,42,20,1014.8,1010.8,,,30.3,38.1,No,No
08-09-2012,Launceston,5,17.3,1,,,W,52,NW,NNW,17,20,60,54,1001.6,1002,,,12.1,15,No,No
07-03-2011,SalmonGums,10.1,27.2,0,,,SSE,33,SW,SSW,11,19,54,36,,,,,19.7,25,No,No
22-02-2011,Melbourne,13.9,21.3,0.2,4.6,4.1,S,43,SE,S,13,24,58,47,1025.7,1025.3,7,5,15.6,21,No,No
24-01-2014,Adelaide,20.1,27.3,0.2,6.8,9.1,WSW,44,SW,WSW,9,15,76,46,1013.2,1013.1,,,20.5,25.9,No,No
06-02-2011,Woomera,15.3,21.9,,,0.6,SE,56,SE,ESE,35,37,76,57,1017.9,1018.8,7,,16.1,20.2,,Yes
26-02-2014,Watsonia,13.4,22.9,0,11.4,5.9,S,39,WSW,S,9,15,80,45,1012.5,1013.3,7,6,16.2,20.5,No,No
07-06-2015,MountGambier,10.2,18.1,0,2.6,6.8,NNW,63,N,NNW,28,35,73,64,1020.1,1017.3,5,8,12.3,15.9,No,No
01-02-2009,Townsville,23.1,28.9,31.2,5.2,0.6,SE,54,S,ESE,22,33,91,85,1003.3,1000.8,8,7,25,28.5,Yes,Yes
15-09-2008,Adelaide,8.3,14.7,2.8,14.4,5,W,74,WNW,WSW,26,33,81,43,1005.2,1009.6,,,9.8,14.1,Yes,No
24-04-2017,Williamtown,12.1,24.2,0,,,ESE,26,NW,SE,13,19,88,69,1022.6,1018.5,,,17.7,22.6,No,No
27-02-2016,Launceston,12.4,23.8,0,,,NNW,35,NNW,N,15,20,80,59,,,1,1,17.1,23.1,No,No
19-07-2010,NorahHead,9.4,18.5,0,,,SSW,30,WSW,SE,11,6,61,59,1017.7,1015.8,,,13.5,15.9,No,No
08-01-2013,Albury,21.9,39.2,0,,,WNW,78,NW,WSW,31,22,24,16,1002.4,997.2,,,34.5,34.9,No,No
13-08-2015,Launceston,1.2,14,0.2,,,NNW,24,SW,N,4,13,95,57,,,2,2,5.3,11.9,No,No
26-05-2013,Sale,8.8,15.7,0,2.4,0.8,W,50,W,W,15,24,75,72,1026.5,1025.3,7,5,13.4,14.7,No,No
10-08-2016,Townsville,14.5,25.9,0,7.2,,ENE,35,SE,ENE,11,28,68,63,1021.3,1017.9,,,21.5,24.2,No,No
04-03-2011,Portland,12.1,16.4,0,8,,SE,43,SW,S,15,19,60,64,1017.3,1019.7,8,6,13.4,15.4,No,No
15-01-2012,Walpole,21,29.6,0,,,WNW,46,NW,W,20,22,61,73,1007.1,1005.8,,,27.4,24.7,No,No
23-05-2011,Wollongong,15.3,23.1,0,,,NW,50,WNW,WNW,13,19,75,37,1004.8,1001.1,,1,16.3,22.5,No,No
05-03-2009,MelbourneAirport,11.3,16.1,0.6,4.6,0.2,SW,52,SW,S,28,30,77,70,1015.8,1016.2,7,8,13,14.7,No,Yes
08-02-2014,MelbourneAirport,14.2,42.2,0,12.6,12.5,SE,44,SSW,NW,7,26,76,7,1012.9,1008.3,4,1,20.2,40.1,No,No
22-03-2017,Brisbane,23.2,27.9,3.8,5.6,0.2,ENE,20,SSE,SW,6,2,84,84,1016.3,1013.8,8,8,26,25.9,Yes,No
18-05-2015,Perth,14,19.6,42.8,0.6,5.7,SW,28,SSW,SW,4,13,92,64,1015.2,1016.2,6,3,16.6,19.3,Yes,No
17-07-2013,Albany,9,12.1,19,3.4,0.7,,,SW,SW,31,20,72,73,1015.7,1017.8,8,7,11,11.5,Yes,Yes
13-04-2009,Walpole,14,25.4,0,,,NE,33,ENE,SSE,13,19,77,70,1019.2,1013.9,,,18.1,22.6,No,No
01-06-2013,Witchcliffe,3.8,16.2,0,,,ESE,31,,E,0,13,99,64,1035.5,1033.7,,,9.8,15.3,No,No
03-09-2009,Brisbane,11.6,23.9,0,5.2,9.9,NE,28,W,ENE,7,15,61,49,1024.4,1020.6,5,2,18.7,21.6,No,No
06-07-2014,Cobar,3.7,12.9,0,3.8,,WSW,33,NNW,W,9,19,61,39,1020.2,1017.8,7,7,8.4,12.7,No,No
06-10-2013,MountGambier,9.8,14.6,0.4,2.4,5.5,WNW,43,N,SW,9,24,88,75,1010.3,1010.6,7,7,12.2,13.8,No,Yes
20-02-2011,Cairns,24.3,32.5,0.2,6.6,8.9,SE,31,SSE,SE,15,19,78,59,1010.4,1006.6,4,2,27.8,32.4,No,Yes
04-06-2009,Newcastle,12.2,18.2,0,,,,,NE,,4,0,97,84,,,8,8,14.2,17.6,No,No
04-04-2010,SydneyAirport,15.5,20.8,11.2,3.2,6.6,SSW,43,SW,SSW,20,28,84,75,1023.1,1020.7,6,5,17.6,19.4,Yes,Yes
05-10-2016,Katherine,23,36,0,6.2,,SE,39,E,ESE,22,20,56,,1014.1,1009.8,1,,28.2,,No,No
25-08-2012,Nuriootpa,6.3,13.7,0.8,2.2,4.9,WSW,48,W,W,22,30,90,64,1022.2,1020,7,7,9,12.8,No,No
10-08-2016,Mildura,5,17.9,1,,9,NW,57,NW,WNW,17,28,71,42,1016.2,1013.9,0,4,9.6,16.9,No,No
23-05-2010,Portland,0.7,14.1,0,1,7.1,NNE,33,N,NE,9,15,89,54,1020.4,1015.7,1,5,4.6,13.7,No,No
06-02-2015,NorfolkIsland,20.8,24.8,1.8,3.4,9.2,SE,48,SSE,SSE,28,28,61,50,1016.4,1015.2,5,3,22.2,23.8,Yes,No
14-03-2011,Portland,5.4,19.2,0,3.2,10.5,SE,37,SE,SE,13,22,87,59,1026.1,1024,3,6,14.4,18.2,No,No
11-05-2010,Launceston,9.4,15.2,3.8,,,WNW,59,NNW,WNW,9,20,83,47,1007,1006.4,,,10,13.3,Yes,No
25-04-2017,NorahHead,17.8,25.4,0,,,NNE,39,N,NNE,15,33,90,81,1014.6,1008.2,,,19.5,22,No,Yes
14-02-2010,MountGinini,9.8,13.5,33.6,,,SSE,50,E,SSE,9,13,98,99,,,,,10.3,12.1,Yes,Yes
02-03-2011,Melbourne,11.1,19.8,0.4,3.6,10.3,WSW,35,SW,SSW,9,15,60,48,1018.2,1015.9,3,7,13.6,17.9,No,No
17-02-2010,Brisbane,21.3,28.3,121.4,4.2,0.7,ESE,24,SSW,ESE,7,13,85,65,1013.8,1012,8,8,22.6,27.4,Yes,No
14-03-2009,Cobar,19.1,34.2,1.2,4.4,11.5,NW,37,,NW,,11,,30,,1009,,3,,33,Yes,No
18-12-2010,Wollongong,18.8,25.4,0,,,W,65,WNW,WNW,17,30,50,40,1002.8,999.3,,,20.6,24.2,No,No
27-04-2015,MelbourneAirport,9.5,15.9,0.2,2.8,3.3,SW,37,WSW,S,22,19,80,63,1023.2,1023.1,5,7,11.3,13.8,No,Yes
02-11-2012,PerthAirport,12,23.8,0,4,11,NW,43,WNW,WNW,26,26,52,46,1012.2,1011.5,4,7,20.5,21.7,No,No
07-12-2013,SydneyAirport,14,25.6,0,7.6,12.6,E,35,WNW,ENE,15,20,34,33,1020.5,1018.3,3,6,20.7,24.1,No,No
11-11-2011,Sydney,18.3,23.3,0.4,6.2,11.6,ENE,39,E,E,15,24,46,51,1024.7,1022.5,,,21.5,22.5,No,No
23-09-2014,Mildura,9.7,27.9,0,6.6,9.9,N,48,NNE,NE,19,22,35,23,1024.8,1019,1,5,19.7,26.6,No,No
21-04-2009,Melbourne,9.4,24.6,0,2.4,10.2,N,31,N,NE,24,11,68,34,1024.4,1021.1,0,1,12.9,23.7,No,No
28-06-2012,SalmonGums,5.5,15.7,0,,,W,52,W,SW,24,22,70,69,,,,,10.8,13.1,No,No
06-04-2009,MountGinini,2,12.3,0.2,,,,,N,W,13,11,97,,,,,,5.9,12.3,No,No
15-11-2010,SalmonGums,7.3,23.6,0,,,S,48,E,SSE,17,15,46,28,,,,,17.1,22.4,No,No
06-02-2011,Hobart,8.1,18.8,0.2,8.4,10.9,WSW,54,W,W,19,24,44,,1014.8,1018.6,,,13.1,16.6,No,No
14-12-2015,Richmond,14.8,35.6,0,23,,ESE,44,NE,SSE,7,13,68,19,1015.5,1011.3,,,22.4,34.3,No,No
23-04-2015,GoldCoast,13.3,24.7,0,,,E,19,W,E,7,13,54,53,1012.7,1009.4,,,21,23.8,No,No
16-01-2013,Perth,22.8,27.1,0,8.8,6.9,NW,43,NW,W,19,17,70,89,1008.2,1008,7,7,25.5,23.5,No,No
01-03-2016,NorfolkIsland,22.1,24.8,3.8,3.6,0,SSE,33,W,SW,6,9,90,90,1016.9,1015.6,8,8,22.9,22.9,Yes,Yes
18-10-2010,GoldCoast,12,23.4,0,,,ENE,22,ESE,ENE,9,17,52,52,1020.4,1017.9,,,20.4,21.9,No,No
03-10-2011,Darwin,24.2,33.1,0,5.8,9.6,WNW,35,SE,NW,11,20,77,39,1012.5,1008.5,4,1,27.8,32.4,No,No
08-03-2011,Newcastle,16.4,29,0,,,,,,SE,0,11,80,50,,,1,3,20,28.8,No,No
12-10-2013,Tuggeranong,1.2,25,0,,,N,31,W,W,2,17,62,22,1015.9,1010.1,,,10.6,24.5,No,No
01-02-2017,NorfolkIsland,18.9,26.2,0.8,7.2,,,,ESE,E,13,20,76,64,1019.3,1017.5,,8,23.7,25.4,No,No
06-08-2009,Adelaide,9,23,0,2.4,8.7,NNW,67,N,NNW,24,37,40,24,1012.4,1008.1,,,15.9,22.6,No,Yes
04-06-2010,Canberra,7,15.1,0,0.8,1.5,ESE,31,SE,ESE,6,20,86,69,1024,1020.7,4,7,11.3,13.4,No,No
13-04-2012,Sydney,12.4,24.7,0,3.8,11,ENE,28,WNW,ENE,17,20,75,54,1031.9,1028.1,,,16.4,22.4,No,No
03-09-2011,Nuriootpa,12.5,25.9,0,4.4,7.4,SW,46,NNE,N,20,19,27,22,1016.1,1011.9,7,4,18.5,25.5,No,No
19-09-2013,Woomera,6.6,24.9,0,8.2,11.3,W,50,N,W,22,30,44,13,1014,1010.6,0,0,15.5,23.7,No,No
22-02-2016,Walpole,17.5,18.7,10.2,,,W,48,W,SW,26,15,100,100,1010.8,1014.6,,,17.9,16.2,Yes,Yes
18-01-2011,Hobart,13.3,20.7,0.2,5.8,8.5,SW,41,NE,ESE,9,17,50,59,1006.1,1006.5,,,16.1,17.8,No,No
02-03-2013,BadgerysCreek,14.5,20.5,18,,,SSE,43,SW,S,15,26,85,73,1021.7,1021.4,,,16.4,19.3,Yes,Yes
01-09-2014,SalmonGums,0.8,16.3,1.2,,,NE,22,ESE,NE,4,9,70,37,,,,,11.9,15.4,Yes,No
06-04-2012,Albury,14.5,28.6,0,,,WNW,57,ESE,NNE,7,17,81,51,1018.1,1013.2,,5,20.1,28,No,No
17-03-2015,Brisbane,21.1,28.8,0,7.4,9.7,ENE,20,WSW,ENE,2,7,51,49,1016.5,1013.1,1,1,26.1,26.9,No,No
30-03-2016,PerthAirport,12.8,30.6,0,7,11.1,SW,33,NE,E,13,11,50,27,1023.1,1018,3,0,22.8,30.2,No,No
17-01-2012,CoffsHarbour,19.3,25,10.4,6,1.4,ENE,50,SE,E,28,28,87,90,1020.3,1018.3,7,8,22.1,21.6,Yes,Yes
10-01-2017,Richmond,21.8,37.6,0,8.2,,S,41,SE,N,6,9,74,42,1011.8,1007.5,3,,24.4,35.2,No,Yes
10-12-2016,MountGinini,2.6,16.3,0,,,W,31,NW,NW,9,13,61,53,,,,,8.7,15.1,No,No
25-09-2010,Albury,5.6,19.7,0,,,NW,28,S,NNW,7,17,84,52,1018.6,1015.1,,1,12.1,18.7,No,No
20-06-2013,Witchcliffe,6,18,8,,,SSE,19,,,0,0,99,82,1027.6,1024.9,,,11.3,15.4,Yes,No
17-10-2009,Nuriootpa,5.3,15.9,0,,,WSW,30,SSW,WSW,9,15,76,57,1029.3,1027.9,,,10.8,13.9,No,No
15-08-2008,Sydney,9.4,18.8,0,4.6,10.7,,,W,W,22,31,49,33,1013.4,1010.2,1,1,12.4,18.1,No,No
30-11-2010,Watsonia,12.4,25.3,0.2,4.4,8.4,S,28,ENE,SE,2,11,71,58,1017.7,1014.7,5,7,16.4,24.1,No,No
05-03-2016,Bendigo,19.8,37.5,2,,,SSE,46,SE,WNW,11,4,54,22,1017.4,1016,,1,24.6,36.3,Yes,No
24-06-2013,MelbourneAirport,0.2,11,0,0.8,1.3,N,19,WNW,SW,11,9,100,79,1029.1,1026.9,8,7,4.6,10.4,No,No
12-06-2014,MountGambier,9.4,14.2,0,0.8,0,NNE,30,NE,ENE,17,17,84,84,1013.4,1010.2,8,8,10.3,13,No,No
27-10-2015,NorfolkIsland,15.3,19.9,0,6,3.9,ENE,35,NE,NE,13,13,54,52,1023.2,1021.4,7,7,17.8,18,No,No
26-05-2016,Mildura,10.2,18,16.4,7.8,5.3,SSW,35,WSW,SW,17,15,100,50,1007.9,1007.5,8,6,12.3,17.4,Yes,No
23-06-2015,CoffsHarbour,7,20.4,0,,,ENE,26,W,NE,7,17,83,63,1028.7,1025.7,,,13.3,19.7,No,No
14-02-2010,MelbourneAirport,16.3,26.9,0.2,1.6,7.5,SSE,43,SW,S,15,20,,,1009.2,1006.8,7,6,17.8,26.4,No,No
24-10-2012,Penrith,8,28.6,0,,,NNE,31,NNE,NE,9,13,64,26,,,,,15.7,27.4,No,No
11-01-2016,SalmonGums,16.8,38.2,1.4,,,S,41,S,WSW,13,2,57,22,,,,,25.5,37.4,Yes,No
19-12-2014,NorahHead,19.2,22.8,0,,,SSW,70,S,SSE,39,31,71,63,1012,1012.7,,,20.4,21.8,No,No
29-09-2010,SalmonGums,3.8,24.8,0,,,,,,,,,50,16,,,,,14.5,23.8,No,No
26-04-2014,Tuggeranong,7.8,19.6,0,,,WNW,44,N,WNW,9,19,86,52,1014.3,1011.7,,,13.4,18,No,No
03-05-2011,Tuggeranong,7.3,17.5,0.6,,,SSW,28,SSE,SSE,17,11,74,49,1017.3,1015.7,,,12.6,16.3,No,No
14-06-2016,Katherine,16.5,32.5,0,6.6,,ENE,44,ESE,E,19,22,71,,1017.1,1013.3,0,,23.5,,No,No
27-05-2014,Wollongong,17.4,22.9,0,,,N,52,N,N,22,35,64,54,,1009.6,,,20.4,22.6,No,No
04-09-2014,Canberra,0.7,14.2,0,,,S,48,SSW,S,24,20,58,47,1018.5,1016.4,8,8,10.1,12.6,No,No
13-10-2010,Richmond,13.2,27,0,,,SSE,37,,E,0,19,96,49,1019.9,1014.3,,,16.1,26,No,No
01-04-2009,Ballarat,10.9,28.6,0,,,SE,35,NE,S,19,6,53,29,1023.2,1020.6,0,,18.3,26.9,No,No
06-10-2013,Dartmoor,9.9,14.3,0,2.4,5.5,SW,31,WNW,SW,2,19,88,92,1010.7,1010.7,,,11.7,12.9,No,Yes
13-12-2010,Albury,10.5,26.2,0,,,WNW,33,ESE,SW,7,11,65,32,1014.3,1012.5,,,17,24.2,No,No
30-08-2010,Williamtown,3.1,19.2,0,1,8.2,SE,30,WNW,ESE,11,19,81,56,1027.5,1024.1,3,1,12.7,17.9,No,No
02-05-2012,Williamtown,9.9,24.5,0.2,4.4,,ESE,19,WNW,ESE,11,11,89,57,1023.6,1019,1,1,15.3,23.1,No,Yes
02-12-2014,Adelaide,14.3,29.3,0,3.8,,ENE,24,SSW,SSW,13,7,53,35,1010,1008.9,,,20.7,27.5,No,No
01-08-2013,Woomera,5.9,,0,4,,,,NNE,WNW,11,15,61,28,1022.1,1018.7,1,4,12,18.6,No,No
27-07-2015,Uluru,5.9,18.1,0,,,E,44,ESE,E,19,28,81,43,1033.4,1029.7,,,9.3,17.1,No,No
04-03-2013,Sale,12.6,26.2,0.2,7.2,8.8,ESE,33,NW,ESE,6,24,99,51,1022.1,1019.6,8,2,15.6,25.2,No,No
09-12-2014,Albury,13.9,31.2,0,,,SW,31,ESE,S,9,7,67,32,1013.3,1010.8,,1,21.1,30.4,No,No
09-10-2011,Witchcliffe,12,18.9,11.4,,,SE,43,ESE,SSE,19,24,82,72,1021.3,1019.3,,,14.4,17.9,Yes,No
23-05-2011,Albury,10.2,15,17.4,,,WNW,44,NNE,WNW,19,20,88,85,1002.9,1000.5,8,8,13.2,14,Yes,Yes
03-04-2016,Canberra,12.2,25,0,,,E,39,NE,NW,13,11,66,45,1025,1021.1,8,2,16.7,23.1,No,No
14-08-2011,GoldCoast,11.9,21.5,0,,,S,41,S,ESE,13,13,59,58,1024.8,1021.3,,,18.9,20.1,No,No
23-11-2015,Cobar,14.8,29.2,0,10.8,,WSW,44,S,WSW,11,24,25,15,1015.5,1013.4,0,0,21.1,28.1,No,No
04-06-2014,Katherine,22.8,33.3,0,,,E,44,ESE,ESE,20,20,75,81,1014.4,1010.5,2,0,25.2,32.7,No,No
14-07-2010,Newcastle,13,17.8,3.6,,,,,NW,NW,15,37,94,34,,,8,2,13.5,16.8,Yes,No
22-02-2010,Sale,16.2,23.2,3.2,6.4,1.9,W,63,SSE,WSW,4,15,84,73,1010.3,1008,7,7,18.6,22.2,Yes,Yes
21-05-2012,Bendigo,-2.2,15.3,0,,,NW,30,SSE,NNW,7,17,86,45,1024.9,1021.7,0,7,5.4,14.2,No,No
18-03-2015,NorahHead,20,28,0,,,SSE,59,N,NE,17,28,84,73,1007.6,1002.9,,,21.6,25.8,No,Yes
03-08-2011,Hobart,8.6,14.1,2.8,1.6,4.6,NNW,46,E,SE,7,9,61,57,1014.1,1013.6,,,10.6,13.1,Yes,No
09-01-2014,BadgerysCreek,16,23.9,0,,,NNE,26,NNE,NNE,4,11,68,48,1024,1022.3,,,19.6,22.8,No,No
13-09-2012,Wollongong,13.9,21.3,0,,,S,63,NW,SSW,28,35,42,90,1006.3,1009.3,,8,20,12,No,Yes
06-01-2009,Perth,19.9,34.6,0,12,13.2,SW,46,ESE,SSW,11,22,59,39,1014.1,1010.1,0,0,24,31.8,No,No
18-03-2014,AliceSprings,20.5,37.1,0,11.8,11.4,ESE,41,ENE,SE,28,17,22,15,1017.9,1014.4,1,1,28,35.4,No,No
03-06-2011,Walpole,9.3,16.3,12,,,S,30,NW,SE,7,15,98,71,1022.7,1022.1,,,10.9,14.8,Yes,Yes
03-06-2013,Albury,0.6,14.3,0.2,,,SW,22,,NW,0,11,84,70,1024.6,1023,,8,5.6,13,No,No
27-01-2012,Mildura,19.9,37.1,0,13.4,11.5,NNE,59,ESE,E,20,17,51,30,1012.4,1007.8,2,4,24.1,34.5,No,Yes
06-08-2010,Launceston,0.6,12,0,,,SE,26,NE,SE,2,15,92,51,1022.3,1022.3,,,4,11.6,No,No
03-03-2014,Witchcliffe,18.2,25,0,,,SE,46,SSE,SSE,22,28,65,48,1018.8,1017.7,,,19.9,23,No,No
07-02-2009,Darwin,23.7,29.2,95.8,16.8,1.1,SW,70,W,W,17,31,96,89,1005.4,1003.2,8,8,24.6,26.8,Yes,Yes
01-09-2015,WaggaWagga,1.9,14.2,0,2,7.3,WSW,24,,WSW,0,11,100,54,1018.4,1015.8,8,2,3.6,13.3,No,No
10-07-2012,NorfolkIsland,11.4,17.7,0,1.8,7.4,E,37,E,SE,13,20,65,55,1028.9,1028.4,2,1,12.8,16.7,No,No
18-06-2016,SalmonGums,-1,13.5,0.2,,,NNE,28,NNW,NNE,9,15,94,61,,,,,8,12.8,No,No
27-08-2013,Moree,5.9,25.4,0,4.4,11,WSW,30,NE,SW,15,7,37,19,1023,1019,1,0,16.5,24.7,No,No
12-12-2009,Sydney,16.9,27.1,0,11.4,13,,,NNW,ENE,7,28,57,55,1018.7,1014,1,1,22.7,24.8,No,No
15-04-2017,Moree,11.9,27.8,0,,,NE,31,ENE,E,20,9,60,31,1020.9,1016.4,,2,20.1,26.9,No,No
10-02-2012,Ballarat,11.3,24.8,0,,,SSE,50,SSE,ESE,13,24,99,40,1011.1,1008.9,8,6,13.9,23.1,No,No
14-10-2014,Launceston,0.8,17.4,0,,,SSE,35,SE,SSE,15,19,51,31,,,,,9.5,16.3,No,No
22-09-2012,Sale,11.4,17.9,0,3.2,7.4,W,44,W,E,26,19,66,63,1018.8,1014.5,8,,14.1,17,No,No
17-03-2009,Dartmoor,11.1,15.9,0.2,3,0,SSW,31,SSW,SSW,9,17,75,74,1019.9,1019.7,,,13.5,15.2,No,No
25-02-2010,Brisbane,23.6,29.1,0,6.6,3.2,SE,43,SE,SE,13,13,67,73,1021.3,1020.8,7,7,25.9,24.4,No,Yes
05-10-2014,PerthAirport,10.8,19.5,6.2,5.2,6.1,W,72,NNE,W,15,39,83,46,1008.8,1010.1,6,5,17.8,17.8,Yes,Yes
30-08-2011,BadgerysCreek,8.9,18.5,0,,,ESE,26,WSW,E,9,15,83,64,1023.4,1020.5,,,14.2,17.4,No,No
03-07-2016,Walpole,10,12.8,10.8,,,SSE,56,S,SSE,22,20,84,80,1024.8,1026.7,,,10.7,11,Yes,Yes
06-10-2014,MelbourneAirport,6.6,25.5,0,4.2,0.2,NW,74,N,NW,24,28,55,31,1008.5,1004.1,7,8,18.1,24.1,No,Yes
14-01-2015,PearceRAAF,16.1,33.4,0,,12.7,WSW,41,SW,SSW,7,20,60,38,1010.8,1010.6,0,0,24.2,29.6,No,No
08-10-2008,Hobart,7.6,14.8,0,6.2,,SW,59,NW,NNW,13,19,52,57,1011.9,1011.7,7,7,10,12.7,No,No
20-05-2011,NorahHead,13.2,20,0.2,,,NNE,22,W,NE,6,11,82,75,1028.3,1024.8,,,15.4,19,No,No
14-05-2014,NorfolkIsland,13.8,20.2,14.8,2.4,4.8,SSE,37,S,SE,11,13,66,75,1023.1,1021.5,3,7,18.3,18.1,Yes,Yes
04-03-2015,AliceSprings,24,40,0,15,,E,48,ESE,ENE,24,17,17,14,1012.3,1008.6,4,5,31.4,38.1,No,No
07-11-2011,Nuriootpa,12.3,33,0,8,7.4,WNW,48,NE,NW,20,20,51,20,1011,1006.8,5,7,20.4,30.4,No,Yes
24-04-2017,PearceRAAF,13.4,27.2,0,,10.3,S,31,E,S,15,17,65,35,1022.3,1018.6,,1,19.1,25.8,No,No
30-12-2014,CoffsHarbour,17.4,34.7,8,,,,,,,,,58,61,,,,,27.6,30.5,Yes,No
21-07-2016,Woomera,11.2,26.8,0,,,NNW,50,N,NNW,22,35,79,41,1016,1011.2,,2,17.2,25.7,No,No
21-08-2010,Witchcliffe,5.7,16.7,4.2,,,WSW,39,W,WSW,11,17,68,70,1016.6,1013.5,,,14.6,14.2,Yes,Yes
15-01-2015,Newcastle,20,29.5,0,,,,,N,SE,9,28,61,67,,,1,2,25.5,26.2,No,No
21-06-2011,SydneyAirport,11.3,21.6,0,5,6.8,W,83,N,W,35,54,52,41,1004.8,1001.3,6,7,14.6,17.3,No,No
23-11-2016,Portland,8.9,15,1.4,,,SW,43,SW,SSW,19,20,70,60,1019.1,1020.3,8,3,11.4,14.1,Yes,No
28-04-2013,SydneyAirport,14,29.3,0,4.6,10.1,NW,41,WNW,WNW,11,17,50,20,1018.9,1015.7,1,1,20.4,28.9,No,No
27-10-2014,Adelaide,13.8,19.7,4,14.8,,W,57,WSW,WSW,24,24,56,47,1016.1,1017.9,,,15.4,18.5,Yes,No
14-05-2012,Tuggeranong,-3.8,13.6,0,,,S,24,WNW,SSE,6,9,76,41,1023.2,1022.5,,,3.5,13,No,No
12-05-2016,Perth,6,25.5,0,4,9.7,NNE,24,NE,WNW,11,11,59,50,1016.6,1014.4,0,1,15.3,23.2,No,No
03-10-2012,Canberra,-0.1,24.1,0,3.8,10.8,NW,44,NW,NW,7,28,59,26,1026.7,1022.1,1,,14.9,22.8,No,No
17-12-2008,Penrith,14.8,31.6,0,,,SE,50,N,N,4,13,69,30,,,,,21.9,30.4,No,No
04-08-2009,Dartmoor,7.6,14.2,3.2,1.8,7.6,W,35,NW,W,13,17,98,75,1016.6,1016.7,,,9.9,12.9,Yes,No
09-05-2012,Darwin,24.2,29.2,0,4,0,E,31,E,ENE,22,19,79,73,1011.4,1010.2,7,7,25.9,28.4,No,No
16-07-2012,Woomera,2.4,18.1,0,2,10.3,NW,30,N,NNW,11,17,64,30,1028.8,1024.9,0,0,9,17.7,No,No
13-03-2011,Watsonia,19.1,32.2,0,6.8,5.7,SW,54,N,NW,15,17,75,45,1017,1014.2,7,7,23.7,29.8,No,Yes
18-10-2009,Melbourne,8.1,16.5,0,2.2,6.8,SW,28,SW,WSW,15,13,65,45,1028.2,1027.5,5,7,11.8,15.7,No,No
05-10-2014,Wollongong,16.1,30.6,0,,,S,67,WNW,NE,20,7,21,62,1014.3,1012.1,,,25.2,23.6,No,No
19-06-2014,Bendigo,5.8,9.4,0,,,ENE,28,ENE,NE,15,15,99,99,1026,1021.6,8,8,5.9,7.2,No,No
07-10-2009,Moree,8.2,21.3,0,6.4,11.8,W,54,SSW,WSW,24,33,27,10,1017.2,1014.8,1,1,16.2,20.9,No,No
17-09-2010,Sale,6.1,13.4,1.4,2.2,2.5,WNW,69,W,W,33,41,70,60,1021.7,1020,7,6,10.3,13,Yes,No
11-03-2014,Perth,16.7,33.6,0,8.4,11,SE,33,E,ESE,13,11,50,25,1022.3,1018,1,2,22.4,32.9,No,No
07-04-2013,CoffsHarbour,14.2,23.2,13.2,1.8,,E,33,S,SE,11,9,70,69,1023.3,1021.4,1,3,21.3,21.4,Yes,No
14-03-2015,Adelaide,11.4,29.2,0,,,WSW,37,NE,WSW,9,15,43,23,1017.9,1015.6,,,19.4,28.8,No,No
14-09-2011,WaggaWagga,1.8,23.4,0,2,10.9,WNW,56,ENE,W,6,33,61,21,1023,1018.5,0,2,11.8,22.7,No,No
14-07-2010,Townsville,19.2,27.6,0.2,3.4,10.3,NE,31,WSW,NE,4,24,74,65,1019.6,1015.8,1,2,23.2,25.4,No,No
01-01-2014,AliceSprings,27.5,43.9,0,18.8,13.3,N,46,NNE,N,22,15,6,6,1007.9,1004.2,1,1,39.1,42.4,No,No
22-08-2016,GoldCoast,12.9,23,0,,,NNE,37,SSE,NNE,11,28,63,66,1018,1014.4,,,19.9,21,No,No
07-04-2015,Perth,14.5,20.7,9,5,0,NE,39,ENE,NE,15,22,89,66,1018.9,1016.4,8,8,16.9,20.2,Yes,Yes
09-10-2012,Hobart,7.1,17.4,0,3.4,5.2,SSW,46,NE,WNW,11,15,70,37,1011.1,1006.8,,,12.5,16.4,No,No
18-04-2013,Uluru,16,32.6,0,,,ENE,31,E,NNW,22,7,32,19,1015.6,1012.4,,,22.7,32,No,No
05-11-2009,Portland,9.1,14.8,0.2,3.2,5.9,S,28,SE,S,9,17,71,52,1026.1,1025.2,7,6,12.4,14.3,No,No
19-03-2009,Launceston,11.1,23.7,0,2,,NW,39,NNW,NW,7,22,80,54,1012.7,1010.9,,,15.3,23.4,No,No
21-03-2011,PearceRAAF,17.4,32.5,0,,10.8,E,67,E,ESE,24,17,48,28,1013.5,1009.3,2,1,21.9,32.2,No,No
24-06-2016,Albury,6.6,8.2,4,,,W,48,WNW,W,28,26,87,85,1004.8,1007.6,8,6,7,7.5,Yes,Yes
21-03-2013,Newcastle,14.6,28.4,0,,,,,,NE,0,4,78,43,,,1,6,18.8,27,No,No
15-10-2014,Newcastle,8.1,17.5,20.4,,,,,SW,SW,37,19,74,58,,,8,7,12.2,15.6,Yes,No
07-10-2012,Ballarat,2.7,11.3,3.4,,,SW,35,SSW,SSW,17,19,98,74,1020.3,1019.3,8,8,6.5,9.9,Yes,No
03-08-2016,Albany,7,,0,3.8,,,,NW,,20,,77,,1015.4,1013.4,8,,13,,No,Yes
19-08-2010,Darwin,22.6,32.4,0,5,10.1,N,33,ESE,NNW,11,24,67,63,1013.3,1009.8,1,6,27.8,30.6,No,No
06-01-2015,Sydney,21.3,28.2,0.2,4,11.8,E,26,SSE,E,11,17,80,64,1020.7,1019.9,5,3,24.4,26.8,No,No
20-12-2010,SydneyAirport,13.3,22.1,4.8,9.2,11.6,W,76,W,W,39,46,36,33,998.1,1001,1,2,17.1,21.6,Yes,No
16-06-2017,Portland,5.1,17.1,0.2,,,NNW,22,N,W,13,15,93,56,1025.5,1023.2,,,7.8,16.2,No,No
17-08-2013,Witchcliffe,9.7,16.6,9.4,,,WSW,46,WSW,WSW,19,20,72,65,1018.5,1019,,,14.1,14.7,Yes,No
25-06-2011,WaggaWagga,1.8,15.4,0,1,6.3,ENE,17,ESE,ENE,13,6,99,57,1031.4,1028.3,6,1,4.4,15,No,No
05-11-2011,MountGambier,10.4,32,0,6.6,12,N,46,N,NNW,15,28,44,20,1012.2,1008.1,2,2,22.4,30.9,No,No
13-09-2012,Darwin,21.2,33,0,6.8,10.6,WNW,35,SSW,NW,6,28,67,57,1013.9,1009.5,3,2,28.2,30.6,No,No
01-05-2017,Uluru,6.4,25.4,0,,,SSW,28,SE,SSE,7,13,55,25,1019.6,1017.4,,,15.2,23.9,No,No
09-06-2012,CoffsHarbour,6.9,18,0,2.2,9,SW,33,SW,S,13,13,66,70,1025.5,1023.4,1,1,14.2,17.8,No,No
07-07-2009,Sydney,7.5,15.1,0.6,2.6,3.9,,,W,SSW,19,19,81,60,1025,1024.1,6,7,9,14.7,No,Yes
27-03-2010,Hobart,11.3,17.4,0,3.6,0.5,ESE,22,NE,E,2,9,66,56,1024.5,1023.3,6,7,13.2,15.3,No,No
13-03-2015,Tuggeranong,13.3,20,,,,E,31,S,E,11,15,66,55,1020.3,1018.8,,,14,18.3,,No
03-10-2015,Moree,12.2,31.1,0,,,ENE,30,NNE,S,17,11,47,20,1032.7,1027,,,22.8,30.4,No,No
02-01-2014,Richmond,19.7,35.5,0.2,12.4,,W,59,NNE,W,7,24,53,26,1003.3,1002.3,,,27.8,31.4,No,No
17-12-2014,Albany,13.4,19.2,0,6.8,6.7,,,,WSW,0,17,64,66,1013.1,1013.5,8,3,16.6,18.8,No,No
15-09-2013,SydneyAirport,12.5,19.8,0.8,4,6.2,SE,30,SSW,ESE,13,17,81,59,1018.4,1016.3,7,5,16,18.5,No,No
27-05-2012,Watsonia,8.7,14.3,6,1.8,1.7,SSW,33,WSW,SW,9,15,99,68,1024.7,1024.9,6,7,9.7,12.8,Yes,No
08-12-2016,Katherine,25.5,41,0,8,,NNW,35,NNW,ENE,17,19,59,,1007.7,1002.9,3,,33.5,,No,No
22-02-2010,Nuriootpa,17,24.6,0.2,11,11.2,SW,46,SW,WSW,15,26,71,41,1016.3,1016.4,7,5,18.3,23.2,No,No
08-04-2014,CoffsHarbour,17.6,24.7,0,4.6,4.2,SSW,33,SW,S,20,20,60,66,1021.9,1019.5,6,7,21.7,23.9,No,No
02-04-2009,NorfolkIsland,19.4,24.4,1.8,6.6,8.1,ESE,61,E,ESE,33,37,59,85,1021.8,1021.4,1,7,23.3,20.1,Yes,Yes
03-01-2015,WaggaWagga,19,37.5,0,13.6,13.7,NNE,43,NNE,N,20,20,41,23,1018.2,1013,1,1,28,36.2,No,No
11-06-2012,Walpole,12.6,14.2,14.4,,,NW,78,NNW,WNW,30,31,94,86,993.6,997.1,,,13,9.2,Yes,Yes
17-01-2009,Williamtown,18.8,23.2,0,9,2.8,SSE,48,SSE,SSE,30,30,57,52,1019,1019.4,7,6,19.8,20.9,No,No
28-06-2009,MountGinini,0.4,3,2.6,,,SW,48,W,W,13,19,98,97,,,,,1.9,1.9,Yes,Yes
28-02-2009,NorahHead,17.6,26.8,0,,,NNE,46,NNW,NE,9,22,74,68,1009.5,1007.1,,,21.6,26.3,No,No
02-05-2014,Nhil,9.2,13.8,1,,,SW,56,NW,SW,17,31,89,58,1004.2,1001.3,,,10.7,12.7,No,Yes
21-09-2014,Launceston,2.7,20.4,0,,,NW,19,N,W,4,4,80,42,,,,,8.6,20.3,No,No
16-10-2014,Perth,16.2,27.8,0,9.6,11,W,39,NNW,WNW,7,19,46,54,1009,1009.8,1,1,24,23.5,No,No
10-10-2010,Walpole,12.2,15.1,4.4,,,W,41,NW,W,19,11,75,93,1006.8,1009.8,,,14.3,10,Yes,Yes
02-05-2011,SalmonGums,6.2,21.6,1.8,,,S,26,WNW,SSE,11,13,90,44,,,,,14.3,20.1,Yes,No
29-10-2009,PerthAirport,8.4,21.3,1,4.6,9.3,SW,44,SSW,WSW,19,20,51,47,1020.3,1018.7,7,6,17.2,20.7,No,No
16-12-2015,Wollongong,19.3,21.6,0.6,,,SE,91,S,N,24,17,88,92,1016.2,1017.5,8,2,20.9,18.2,No,Yes
27-09-2014,Newcastle,13.6,20.5,0,,,,,SE,SE,4,9,70,54,,,7,6,17.9,19,No,No
02-03-2016,PerthAirport,12.8,32,0,8.4,11.9,E,35,E,WSW,26,24,48,27,1019.2,1015.6,1,0,22.2,31.3,No,No
29-08-2012,Melbourne,11.6,20.9,0,5.8,8.2,N,67,N,NW,44,28,49,31,1006.2,1002.9,4,2,13.8,20.4,No,Yes
16-08-2011,Canberra,5.2,18,0,1.8,7.6,,,S,N,6,13,83,35,1022.6,1018.4,7,5,9.4,16.4,No,Yes
13-03-2010,Penrith,16.3,23.7,,,,SE,39,,,,,,60,,,,,,21.6,,Yes
15-11-2014,Portland,4.5,17.1,0,3.4,5.3,E,35,SE,SE,13,22,65,67,1014.8,1010.5,8,5,12.3,14.3,No,Yes
21-04-2012,Townsville,19.4,30.7,0,6.4,10.5,NE,24,SE,NE,9,15,77,46,1014.6,1011.1,3,1,25.3,29.5,No,No
09-10-2010,AliceSprings,8.5,23.4,0,6.4,11.9,ESE,43,ESE,E,17,20,46,30,1019.6,1014.9,1,0,16.5,22.8,No,No
02-12-2009,Perth,13.2,22.6,0,9.2,13.2,SSW,46,SSE,SW,19,28,44,40,1021.7,1019.6,1,0,18.6,21.4,No,No
01-03-2016,Perth,15.7,25.3,0,7.4,11.2,SSW,37,SE,SSW,9,20,63,48,1020.3,1017.7,2,0,20.7,23.6,No,No
22-11-2016,NorfolkIsland,18.6,23.4,0,7.6,,E,54,E,E,28,31,68,72,1023.2,1020,8,8,21.7,20.9,No,No
23-01-2015,Katherine,23,36.3,14.2,6,,SSW,50,NW,WNW,15,7,81,49,1006.1,1002.1,3,5,28.5,35.5,Yes,No
10-06-2009,Tuggeranong,2.8,8.6,0,,,WSW,44,WSW,WSW,20,20,49,42,1012.4,1015,,,5.7,7.8,No,No
27-05-2017,Tuggeranong,3.9,15.6,0,,,N,24,,NNW,0,13,99,60,1022.5,1017.6,,,8.3,15.1,No,No
27-04-2016,Watsonia,13,25.2,0,8.4,4.9,NNE,57,ENE,NNE,9,11,40,39,1021.3,1016.6,7,7,20.2,24,No,No
06-05-2011,Watsonia,9.6,15.2,0,1.8,2,NE,46,ENE,ESE,9,6,73,58,1025.6,1022.7,7,7,9.7,14.2,No,No
01-01-2017,Adelaide,16.3,23.7,0,,,WSW,39,SW,SW,17,17,72,57,1011.9,1012.8,,,18.3,22.6,No,No
05-08-2012,Cairns,12.8,26.1,0,5.2,9.3,SE,37,SE,E,17,22,56,42,1020,1015.8,1,2,20.9,25.1,No,No
20-10-2009,Moree,14,30.7,0,7,12.4,NNE,43,NNE,ENE,31,11,54,21,1024.9,1020.1,0,1,20.3,28.9,No,No
07-05-2011,Penrith,6.8,20.7,0,,,NNE,19,,NE,0,9,80,47,,,,,12.7,20.3,No,No
23-07-2016,Richmond,13.9,17.2,1.2,,,W,76,W,WNW,24,28,41,41,1005.1,1005.2,,,14.7,16.3,Yes,No
06-01-2016,PearceRAAF,19.4,37.4,0,,12.6,W,37,NE,SW,6,24,56,40,1014.5,1011.7,,,27.6,32.8,No,No
15-09-2014,Darwin,21.4,31.6,0,7.8,9.8,N,33,NNW,N,4,26,63,43,1014.1,1010,2,5,27.4,31.2,No,No
02-07-2009,NorahHead,10.6,18.5,0,,,NW,35,NNW,W,24,13,55,41,1008.2,1006.4,,,15.2,17.8,No,No
08-01-2009,Canberra,16.5,26.7,0,12.8,10.2,E,50,ENE,NNE,11,19,75,37,1011.5,1008.7,7,1,17.7,26.4,No,No
03-05-2014,Mildura,6.6,13.3,12.4,1.6,0.3,WSW,52,WSW,SW,24,28,81,65,1005.7,1005.2,8,8,8.9,12.7,Yes,No
01-01-2013,Darwin,26.7,34.4,0,4.5,10,N,35,S,NNW,13,17,68,54,1007.7,1004.2,6,6,30.9,33.7,No,Yes
17-11-2011,Perth,15.3,24,0,6.4,5.8,NW,48,NW,WNW,19,15,65,84,1010.5,1009.8,6,7,22.6,19.7,No,Yes
19-11-2016,Dartmoor,5.3,22,0,,,SSW,31,E,SW,6,11,76,60,1020.8,1019,,,14,21.3,No,No
19-09-2009,MountGinini,,11.9,,,,WNW,43,,,,,,,,,,,,,,No
10-12-2009,Walpole,11.7,19.3,0,,,SSE,31,S,SSE,15,15,61,61,1026.3,1025.1,,,16.4,18.5,No,No
06-03-2017,Albury,15.4,29.9,0,,,SE,37,ESE,SSE,20,19,47,23,1014.8,1013.1,,,21.4,28,No,No
28-03-2011,Mildura,10.8,27.1,0,3,10.6,ESE,19,SSE,E,7,9,84,35,1024.3,1021.9,0,1,15.2,26.2,No,No
23-01-2012,Tuggeranong,14.2,22.3,0,,,SE,33,ESE,E,17,15,63,53,1022.4,1019.6,,,18.8,21.4,No,No
30-09-2013,GoldCoast,19.9,26.4,0,,,NNE,37,NE,NE,13,30,55,63,1021.3,1017.2,,,24.8,24.1,No,No
29-03-2014,Perth,19.6,24.9,0,6.6,2.3,SW,41,W,NW,9,15,74,65,1010.3,1007.9,8,7,21.5,23.8,No,Yes
02-05-2014,Launceston,5.4,12.5,0.4,,,SSE,20,,SW,0,2,96,95,,,8,8,10.3,12,No,Yes
19-03-2017,Williamtown,21.1,28.3,15.6,,,E,48,NE,NE,17,22,95,73,1019,1016.7,8,1,23.3,27.7,Yes,Yes
10-03-2010,Darwin,24.7,33.6,5.8,5.8,10.6,W,26,S,WNW,13,17,70,56,1013.6,1010.5,1,3,28.6,32.8,Yes,No
03-08-2010,SalmonGums,0.8,20,0,,,S,28,NW,SSW,13,15,52,41,,,,,12.1,19.1,No,No
10-12-2013,CoffsHarbour,20.6,27.7,0.4,5.8,1,NNW,35,N,NNE,13,20,89,53,1008.7,1005,8,8,21.2,27.5,No,No
01-11-2010,Woomera,6.9,20.4,0,7.2,12.5,SSW,41,S,SSW,15,22,59,36,1023.8,1021.3,1,3,12.4,18.4,No,No
26-01-2011,Sydney,22.9,31.4,0,7,9.3,SSE,46,ESE,E,11,15,85,73,1011.5,1010.2,,,25.8,27.7,No,No
18-08-2010,MountGambier,6.9,12.5,0.4,2.2,0,NNE,54,NNE,N,31,20,75,91,1001.6,995.5,7,8,9.1,10.3,No,Yes
05-01-2010,CoffsHarbour,15.9,26.7,0,,11.1,NE,31,SSE,E,11,20,66,70,1018.8,1016.9,3,2,23.3,25.8,No,No
28-06-2015,CoffsHarbour,7.6,20.1,0,,,S,26,SE,S,2,15,88,74,1031.6,1029.3,,5,14.6,19,No,No
08-09-2013,Hobart,7.4,14.8,0,3.2,10.6,NW,69,NW,NW,33,22,51,42,1020.8,1019.5,,,11.1,14.7,No,No
09-01-2016,Newcastle,16.8,,0,,,,,,,0,,86,,,,8,,21.4,,No,No
25-09-2014,Woomera,10.3,20.9,0,8,,SSW,44,SSW,SW,20,17,55,41,1024.5,1021.3,6,0,14.8,19.2,No,No
06-11-2015,Albany,17.1,18.8,0,3.6,0.3,,,S,,28,,86,,1009.4,1009.3,8,,18.2,,No,No
16-06-2013,Perth,2.6,18.4,0,1,8.9,W,22,NE,SSW,6,9,86,52,1021.3,1018,1,1,9.4,18,No,Yes
15-04-2013,Sydney,17.4,27.9,0,5.8,5.7,S,37,W,E,9,11,75,49,1010.1,1007.4,7,4,19,26.2,No,Yes
05-12-2011,Albury,9.6,22.5,0,,,ESE,43,SE,SE,24,20,46,35,1021.3,1017,,,15.2,21.6,No,No
06-07-2012,Cobar,2.7,16.5,0,2.6,,E,33,ESE,E,13,19,62,39,1032.9,1029.2,0,1,9,16.2,No,No
04-11-2013,Brisbane,20,26.1,0,8.4,8.2,E,37,SE,ESE,9,19,56,56,1017.7,1016.8,4,7,23.9,23,No,No
20-07-2011,Williamtown,8.3,16.5,14.8,6.8,,S,76,WSW,SSW,22,33,94,86,1010.6,1010.9,7,7,13.8,16.2,Yes,Yes
31-08-2013,NorahHead,14.7,23.2,0,,,SSE,30,W,SE,7,17,56,71,1021.5,1019.9,,,18.8,19.5,No,No
01-05-2017,GoldCoast,15.6,25.3,0,,,S,26,S,ESE,17,17,63,65,1021.5,1018.5,,,22.1,23.1,No,No
22-06-2016,Perth,9.6,18.4,2,1.8,4.2,SW,43,,SW,0,15,97,61,1017.7,1016.4,8,7,11.7,16.9,Yes,Yes
24-07-2013,Townsville,15.6,24.7,0.4,7.4,9.9,S,44,S,SSW,31,20,30,13,1022.4,1018.2,3,5,18.7,24,No,No
09-12-2013,Penrith,17.8,33.8,0,,,WSW,30,WNW,SSE,4,6,64,39,,,,,23.1,32.9,No,No
14-10-2015,Katherine,22.7,38.8,0,8,,,,WNW,E,17,20,60,,1015.6,1010,0,,29.7,,No,No
27-02-2011,Richmond,16.7,27.8,0,,,ESE,22,,N,0,13,86,59,1009.2,1007.7,,,20,26.4,No,No
17-05-2012,GoldCoast,13.1,23.7,0,,,SSE,37,S,SE,20,28,62,60,1023.1,1020.8,,,20.3,21.3,No,Yes
07-09-2015,Penrith,9,23.5,2.6,,,WNW,46,SW,WNW,4,19,98,35,,,,,11.1,22.5,Yes,No
27-03-2011,Cairns,24.7,30.8,0,6.4,3.9,SSE,37,SSE,SE,22,20,76,67,1011,1007.9,7,7,26.8,29.5,No,No
09-06-2010,BadgerysCreek,2.3,16.2,0,,,W,54,,W,0,26,99,44,1012.5,1009.2,,,7.2,13.7,No,No
11-09-2009,Albury,,18.8,,,,N,31,SE,NNE,7,19,83,46,1022.2,1018.2,,,8.7,18.1,,No
12-09-2012,Ballarat,6.4,18.6,0,,,NNW,56,N,NNW,31,37,74,43,1016.7,1010.7,,,11.7,17.6,No,Yes
09-11-2011,Woomera,19,34.2,10.2,10.4,11.1,SW,74,N,NW,24,28,74,23,1008.2,1006.1,2,2,23.5,33.8,Yes,No
14-09-2012,PerthAirport,9.6,25.2,0,4.4,10.9,,,ENE,NE,24,9,50,20,1022.4,1017.6,1,1,15.9,24.8,No,No
31-08-2010,PearceRAAF,12,16.4,2.8,,0,SE,35,NE,SSE,9,15,93,74,1013.7,1012.2,8,8,12.7,15.5,Yes,Yes
23-10-2015,Portland,9.7,14.2,0,3.4,7,SSE,24,SE,SSE,9,15,64,60,1025.1,1023.7,8,8,11.3,12.6,No,No
06-08-2008,Brisbane,9.2,21.7,0.2,2.2,10.2,W,39,SW,W,7,15,56,29,1018.6,1016,1,1,16.1,21.2,No,No
01-10-2016,Ballarat,6.6,13.3,4,,,WNW,50,W,NW,31,30,99,75,1004.2,1004.8,7,8,9.5,12.8,Yes,No
24-11-2015,Darwin,28.2,36.6,0,8,12,WNW,33,NNE,NNW,19,19,64,31,1010.7,1006.8,3,1,30.5,35.4,No,No
22-07-2013,NorfolkIsland,13.1,19.2,0,3.2,3,E,28,ENE,NE,13,15,63,61,1024.4,1021.9,7,7,16.5,18,No,No
07-04-2017,Moree,13.4,26.5,0,,,E,37,E,ESE,17,19,54,30,1025.2,1021.1,,1,20.1,25.9,No,No
08-02-2011,WaggaWagga,13.2,28.7,0,5.8,13.2,SSE,30,E,SE,6,11,72,43,1018.4,1015.8,0,2,19.9,26.7,No,No
